"Station Name","KAMLOOPS A"
"Province","BRITISH COLUMBIA"
"Latitude","50.70"
"Longitude","-120.45"
"Elevation","345.30"
"Climate Identifier","1163781"
"WMO Identifier","71887"
"TC Identifier","YKA"
"All times are specified in Local Standard Time (LST). Add 1 hour to adjust for Daylight Saving Time where and when it is observed."

"Legend"
"E","Estimated"
"M","Missing"
"NA","Not Available"

"Date/Time","Year","Month","Day","Time","Temp (°C)","Temp Flag","Dew Point Temp (°C)","Dew Point Temp Flag","Rel Hum (%)","Rel Hum Flag","Wind Dir (10s deg)","Wind Dir Flag","Wind Spd (km/h)","Wind Spd Flag","Visibility (km)","Visibility Flag","Stn Press (kPa)","Stn Press Flag","Hmdx","Hmdx Flag","Wind Chill","Wind Chill Flag","Weather"
"2017-01-01 00:00","2017","01","01","00:00","-4.7","","-6.1","","90","","29","","6","","3.2","","96.80","","","","-7","","Snow"
"2017-01-01 01:00","2017","01","01","01:00","-5.0","","-6.1","","92","","24","","7","","6.4","","96.83","","","","-8","","Snow"
"2017-01-01 02:00","2017","01","01","02:00","-5.8","","-6.9","","92","","35","","7","","24.1","","96.84","","","","-9","","NA"
"2017-01-01 03:00","2017","01","01","03:00","-5.3","","-6.5","","91","","27","","3","","24.1","","96.91","","","","-7","","NA"
"2017-01-01 04:00","2017","01","01","04:00","-5.3","","-6.5","","91","","33","","4","","24.1","","96.92","","","","-7","","Cloudy"
"2017-01-01 05:00","2017","01","01","05:00","-5.7","","-7.2","","89","","30","","4","","24.1","","96.98","","","","-8","","NA"
"2017-01-01 06:00","2017","01","01","06:00","-5.5","","-6.7","","91","","33","","4","","24.1","","97.04","","","","-7","","NA"
"2017-01-01 07:00","2017","01","01","07:00","-5.3","","-6.7","","90","","36","","2","","12.9","","97.11","","","","-6","","Snow"
"2017-01-01 08:00","2017","01","01","08:00","-3.2","","-7.4","","73","","28","","10","","48.3","","97.17","","","","-7","","NA"
"2017-01-01 09:00","2017","01","01","09:00","-3.0","","-8.9","","64","","30","","19","","48.3","","97.28","","","","-9","","NA"
"2017-01-01 10:00","2017","01","01","10:00","-3.2","","-9.1","","64","","29","","36","","32.2","","97.35","","","","-11","","Cloudy"
"2017-01-01 11:00","2017","01","01","11:00","-3.3","","-10.4","","58","","27","","27","","32.2","","97.42","","","","-10","","Blowing Snow"
"2017-01-01 12:00","2017","01","01","12:00","-3.7","","-10.6","","59","","28","","31","","32.2","","97.45","","","","-11","","Blowing Snow"
"2017-01-01 13:00","2017","01","01","13:00","-3.9","","-10.6","","60","","27","","32","","24.1","","97.44","","","","-12","","Blowing Snow"
"2017-01-01 14:00","2017","01","01","14:00","-3.8","","-10.9","","58","","27","","30","","40.2","","97.47","","","","-11","","Blowing Snow"
"2017-01-01 15:00","2017","01","01","15:00","-4.1","","-10.8","","60","","28","","26","","24.1","","97.50","","","","-11","","Blowing Snow"
"2017-01-01 16:00","2017","01","01","16:00","-4.2","","-11.3","","58","","27","","36","","48.3","","97.53","","","","-13","","Blowing Snow"
"2017-01-01 17:00","2017","01","01","17:00","-4.4","","-11.7","","57","","27","","31","","48.3","","97.59","","","","-12","","Blowing Snow"
"2017-01-01 18:00","2017","01","01","18:00","-5.1","","-12.8","","55","","29","","22","","64.4","","97.62","","","","-12","","Blowing Snow"
"2017-01-01 19:00","2017","01","01","19:00","-6.0","","-13.9","","54","","29","","18","","64.4","","97.66","","","","-12","","Mostly Cloudy"
"2017-01-01 20:00","2017","01","01","20:00","-6.8","","-14.6","","54","","27","","15","","64.4","","97.71","","","","-13","","NA"
"2017-01-01 21:00","2017","01","01","21:00","","M","","M","","M","","","","M","64.4","","","M","","","","","NA"
"2017-01-01 22:00","2017","01","01","22:00","-8.0","","-16.0","","53","","27","","22","","64.4","","97.82","","","","-16","","Mainly Clear"
"2017-01-01 23:00","2017","01","01","23:00","-8.5","","-16.7","","52","","30","","25","","64.4","","97.87","","","","-17","","NA"
"2017-01-02 00:00","2017","01","02","00:00","-10.1","","-17.5","","55","","27","","18","","64.4","","97.93","","","","-18","","NA"
"2017-01-02 01:00","2017","01","02","01:00","-9.9","","-17.6","","54","","27","","22","","64.4","","97.99","","","","-18","","Clear"
"2017-01-02 02:00","2017","01","02","02:00","-10.6","","-17.4","","58","","23","","18","","64.4","","98.01","","","","-18","","NA"
"2017-01-02 03:00","2017","01","02","03:00","-11.3","","-18.9","","54","","27","","21","","64.4","","98.07","","","","-20","","NA"
"2017-01-02 04:00","2017","01","02","04:00","-11.2","","-18.6","","55","","25","","15","","64.4","","98.13","","","","-18","","Clear"
"2017-01-02 05:00","2017","01","02","05:00","-11.9","","-19.7","","53","","27","","20","","64.4","","98.16","","","","-20","","NA"
"2017-01-02 06:00","2017","01","02","06:00","-12.1","","-19.4","","55","","26","","17","","64.4","","98.21","","","","-20","","NA"
"2017-01-02 07:00","2017","01","02","07:00","-12.4","","-19.3","","57","","25","","15","","64.4","","98.28","","","","-20","","Clear"
"2017-01-02 08:00","2017","01","02","08:00","-12.9","","-20.0","","56","","25","","10","","64.4","","98.36","","","","-19","","NA"
"2017-01-02 09:00","2017","01","02","09:00","-12.4","","-18.7","","60","","20","","9","","64.4","","98.46","","","","-18","","NA"
"2017-01-02 10:00","2017","01","02","10:00","-14.3","","-17.3","","78","","10","","13","","64.4","","98.53","","","","-21","","Clear"
"2017-01-02 11:00","2017","01","02","11:00","-12.8","","-17.5","","68","","8","","10","","64.4","","98.57","","","","-19","","NA"
"2017-01-02 12:00","2017","01","02","12:00","-11.2","","-16.4","","66","","11","","13","","64.4","","98.57","","","","-18","","NA"
"2017-01-02 13:00","2017","01","02","13:00","-10.2","","-16.6","","60","","6","","4","","64.4","","98.54","","","","-13","","Clear"
"2017-01-02 14:00","2017","01","02","14:00","-9.0","","-17.4","","51","","26","","17","","64.4","","98.57","","","","-16","","NA"
"2017-01-02 15:00","2017","01","02","15:00","-9.2","","-17.6","","51","","25","","19","","64.4","","98.61","","","","-17","","NA"
"2017-01-02 16:00","2017","01","02","16:00","-10.4","","-18.3","","53","","28","","15","","64.4","","98.66","","","","-17","","Clear"
"2017-01-02 17:00","2017","01","02","17:00","-10.4","","-17.8","","55","","25","","10","","64.4","","98.70","","","","-16","","NA"
"2017-01-02 18:00","2017","01","02","18:00","-13.8","","-17.7","","73","","11","","14","","64.4","","98.76","","","","-21","","NA"
"2017-01-02 19:00","2017","01","02","19:00","-15.7","","-19.2","","75","","9","","13","","64.4","","98.82","","","","-23","","Clear"
"2017-01-02 20:00","2017","01","02","20:00","-16.3","","-19.5","","77","","7","","9","","64.4","","98.89","","","","-22","","NA"
"2017-01-02 21:00","2017","01","02","21:00","-18.6","","-22.0","","75","","8","","10","","64.4","","98.94","","","","-26","","NA"
"2017-01-02 22:00","2017","01","02","22:00","-18.3","","-21.3","","78","","9","","11","","64.4","","98.98","","","","-26","","Clear"
"2017-01-02 23:00","2017","01","02","23:00","-19.7","","-22.8","","77","","7","","11","","64.4","","99.05","","","","-27","","NA"
"2017-01-03 00:00","2017","01","03","00:00","-17.4","","-19.9","","81","","10","","20","","64.4","","99.08","","","","-27","","NA"
"2017-01-03 01:00","2017","01","03","01:00","-18.7","","-21.5","","79","","9","","13","","64.4","","99.13","","","","-27","","Clear"
"2017-01-03 02:00","2017","01","03","02:00","-19.4","","-21.9","","81","","8","","8","","64.4","","99.20","","","","-26","","NA"
"2017-01-03 03:00","2017","01","03","03:00","-19.7","","-22.8","","77","","10","","17","","64.4","","99.25","","","","-29","","NA"
"2017-01-03 04:00","2017","01","03","04:00","-20.0","","-22.9","","78","","8","","13","","64.4","","99.29","","","","-28","","Clear"
"2017-01-03 05:00","2017","01","03","05:00","-19.3","","-22.2","","78","","10","","14","","64.4","","99.31","","","","-28","","NA"
"2017-01-03 06:00","2017","01","03","06:00","-19.2","","-22.1","","78","","9","","14","","64.4","","99.36","","","","-28","","NA"
"2017-01-03 07:00","2017","01","03","07:00","-19.9","","-23.0","","77","","7","","11","","64.4","","99.38","","","","-28","","Mostly Cloudy"
"2017-01-03 08:00","2017","01","03","08:00","-21.2","","-24.4","","76","","7","","8","","32.2","","99.41","","","","-28","","NA"
"2017-01-03 09:00","2017","01","03","09:00","-19.7","","-22.8","","77","","7","","9","","24.1","","99.45","","","","-26","","NA"
"2017-01-03 10:00","2017","01","03","10:00","-19.7","","-22.8","","77","","10","","10","","24.1","","99.51","","","","-27","","Mostly Cloudy"
"2017-01-03 11:00","2017","01","03","11:00","-17.6","","-20.9","","76","","9","","7","","24.1","","99.53","","","","-23","","NA"
"2017-01-03 12:00","2017","01","03","12:00","-16.4","","-20.0","","74","","7","","4","","24.1","","99.46","","","","-19","","NA"
"2017-01-03 13:00","2017","01","03","13:00","-15.1","","-19.4","","70","","10","","5","","64.4","","99.41","","","","-19","","Mainly Clear"
"2017-01-03 14:00","2017","01","03","14:00","-14.6","","-19.5","","67","","11","","7","","64.4","","99.41","","","","-19","","NA"
"2017-01-03 15:00","2017","01","03","15:00","-14.5","","-20.1","","63","","36","","1","","64.4","","99.42","","","","-15","","NA"
"2017-01-03 16:00","2017","01","03","16:00","-15.2","","-18.7","","75","","34","","4","","64.4","","99.46","","","","-18","","Clear"
"2017-01-03 17:00","2017","01","03","17:00","-17.1","","-21.0","","72","","35","","4","","64.4","","99.48","","","","-20","","NA"
"2017-01-03 18:00","2017","01","03","18:00","-17.1","","-20.9","","73","","9","","5","","64.4","","99.52","","","","-21","","NA"
"2017-01-03 19:00","2017","01","03","19:00","-19.2","","-22.6","","75","","7","","9","","64.4","","99.54","","","","-26","","Clear"
"2017-01-03 20:00","2017","01","03","20:00","-20.4","","-23.0","","80","","7","","8","","64.4","","99.54","","","","-27","","NA"
"2017-01-03 21:00","2017","01","03","21:00","-19.9","","-22.5","","80","","1","","6","","64.4","","99.59","","","","-25","","NA"
"2017-01-03 22:00","2017","01","03","22:00","-20.2","","-23.3","","77","","7","","8","","64.4","","99.61","","","","-26","","Mainly Clear"
"2017-01-03 23:00","2017","01","03","23:00","-21.1","","-23.8","","79","","8","","12","","64.4","","99.65","","","","-29","","NA"
"2017-01-04 00:00","2017","01","04","00:00","-19.8","","-22.7","","78","","8","","10","","64.4","","99.64","","","","-27","","NA"
"2017-01-04 01:00","2017","01","04","01:00","-19.1","","-21.7","","80","","8","","13","","24.1","","99.68","","","","-27","","Mainly Clear"
"2017-01-04 02:00","2017","01","04","02:00","-18.6","","-21.7","","77","","8","","16","","32.2","","99.69","","","","-28","","NA"
"2017-01-04 03:00","2017","01","04","03:00","-17.8","","-20.6","","79","","10","","13","","32.2","","99.69","","","","-26","","NA"
"2017-01-04 04:00","2017","01","04","04:00","-17.5","","-20.5","","78","","10","","17","","32.2","","99.65","","","","-27","","Mainly Clear"
"2017-01-04 05:00","2017","01","04","05:00","-18.2","","-21.2","","78","","10","","17","","32.2","","99.61","","","","-27","","NA"
"2017-01-04 06:00","2017","01","04","06:00","-18.3","","-21.7","","75","","8","","20","","32.2","","99.56","","","","-28","","NA"
"2017-01-04 07:00","2017","01","04","07:00","-18.3","","-21.6","","76","","10","","14","","32.2","","99.53","","","","-27","","Mostly Cloudy"
"2017-01-04 08:00","2017","01","04","08:00","-18.9","","-22.0","","77","","9","","14","","32.2","","99.53","","","","-27","","NA"
"2017-01-04 09:00","2017","01","04","09:00","-18.9","","-22.0","","77","","9","","16","","32.2","","99.56","","","","-28","","NA"
"2017-01-04 10:00","2017","01","04","10:00","-18.3","","-21.4","","77","","7","","15","","32.2","","99.59","","","","-27","","Mostly Cloudy"
"2017-01-04 11:00","2017","01","04","11:00","-17.8","","-21.4","","74","","9","","11","","16.1","","99.59","","","","-25","","NA"
"2017-01-04 12:00","2017","01","04","12:00","-17.4","","-21.5","","71","","8","","9","","32.2","","99.49","","","","-24","","Snow"
"2017-01-04 13:00","2017","01","04","13:00","-17.0","","-21.3","","70","","5","","5","","24.1","","99.44","","","","-21","","Mostly Cloudy"
"2017-01-04 14:00","2017","01","04","14:00","-16.1","","-20.6","","69","","6","","3","","32.2","","99.41","","","","-18","","Snow"
"2017-01-04 15:00","2017","01","04","15:00","-15.9","","-20.4","","69","","8","","7","","24.1","","99.40","","","","-21","","Snow"
"2017-01-04 16:00","2017","01","04","16:00","-16.4","","-20.8","","69","","7","","4","","64.4","","99.42","","","","-19","","Snow"
"2017-01-04 17:00","2017","01","04","17:00","-17.3","","-21.4","","71","","8","","10","","32.2","","99.40","","","","-24","","Snow"
"2017-01-04 18:00","2017","01","04","18:00","-18.0","","-22.1","","71","","7","","10","","32.2","","99.40","","","","-25","","NA"
"2017-01-04 19:00","2017","01","04","19:00","-17.1","","-20.5","","75","","7","","10","","32.2","","99.40","","","","-24","","Mostly Cloudy"
"2017-01-04 20:00","2017","01","04","20:00","-16.4","","-19.7","","76","","6","","12","","32.2","","99.38","","","","-24","","NA"
"2017-01-04 21:00","2017","01","04","21:00","-15.9","","-19.2","","76","","10","","15","","32.2","","99.34","","","","-24","","NA"
"2017-01-04 22:00","2017","01","04","22:00","-16.1","","-20.1","","72","","7","","10","","32.2","","99.32","","","","-23","","Cloudy"
"2017-01-04 23:00","2017","01","04","23:00","-15.6","","-18.9","","76","","9","","9","","32.2","","99.30","","","","-22","","NA"
"2017-01-05 00:00","2017","01","05","00:00","-15.1","","-18.4","","76","","10","","12","","32.2","","99.29","","","","-22","","NA"
"2017-01-05 01:00","2017","01","05","01:00","-15.1","","-19.3","","71","","7","","9","","32.2","","99.21","","","","-21","","Cloudy"
"2017-01-05 02:00","2017","01","05","02:00","-14.4","","-18.6","","71","","10","","12","","32.2","","99.18","","","","-21","","NA"
"2017-01-05 03:00","2017","01","05","03:00","-14.2","","-17.7","","75","","11","","15","","16.1","","99.13","","","","-22","","Snow"
"2017-01-05 04:00","2017","01","05","04:00","-14.2","","-16.9","","80","","11","","11","","12.9","","99.03","","","","-21","","Cloudy"
"2017-01-05 05:00","2017","01","05","05:00","-14.1","","-17.6","","75","","6","","13","","32.2","","99.00","","","","-21","","NA"
"2017-01-05 06:00","2017","01","05","06:00","-13.8","","-17.2","","76","","10","","12","","32.2","","98.93","","","","-21","","NA"
"2017-01-05 07:00","2017","01","05","07:00","-13.6","","-17.1","","75","","8","","11","","24.1","","98.89","","","","-20","","Mostly Cloudy"
"2017-01-05 08:00","2017","01","05","08:00","-13.8","","-17.7","","73","","5","","5","","32.2","","98.80","","","","-17","","NA"
"2017-01-05 09:00","2017","01","05","09:00","-14.7","","-17.7","","78","","36","","4","","64.4","","98.78","","","","-18","","NA"
"2017-01-05 10:00","2017","01","05","10:00","-13.8","","-17.3","","75","","3","","4","","48.3","","98.73","","","","-17","","Mostly Cloudy"
"2017-01-05 11:00","2017","01","05","11:00","-13.0","","-17.0","","72","","36","","3","","48.3","","98.67","","","","-15","","NA"
"2017-01-05 12:00","2017","01","05","12:00","-11.1","","-15.9","","68","","11","","8","","64.4","","98.56","","","","-16","","NA"
"2017-01-05 13:00","2017","01","05","13:00","-10.6","","-15.6","","67","","7","","13","","48.3","","98.46","","","","-17","","Mostly Cloudy"
"2017-01-05 14:00","2017","01","05","14:00","-10.5","","-15.2","","69","","10","","17","","64.4","","98.38","","","","-18","","NA"
"2017-01-05 15:00","2017","01","05","15:00","-10.5","","-15.3","","68","","9","","15","","48.3","","98.33","","","","-17","","NA"
"2017-01-05 16:00","2017","01","05","16:00","-10.8","","-15.3","","70","","8","","11","","64.4","","98.25","","","","-17","","Cloudy"
"2017-01-05 17:00","2017","01","05","17:00","-11.3","","-15.4","","72","","11","","7","","64.4","","98.16","","","","-16","","NA"
"2017-01-05 18:00","2017","01","05","18:00","-11.5","","-15.3","","74","","11","","9","","64.4","","98.09","","","","-17","","NA"
"2017-01-05 19:00","2017","01","05","19:00","-12.4","","-15.8","","76","","9","","12","","64.4","","98.05","","","","-19","","Cloudy"
"2017-01-05 20:00","2017","01","05","20:00","-11.6","","-14.7","","78","","11","","8","","64.4","","97.98","","","","-16","","NA"
"2017-01-05 21:00","2017","01","05","21:00","-12.6","","-16.0","","76","","9","","7","","64.4","","97.95","","","","-17","","NA"
"2017-01-05 22:00","2017","01","05","22:00","-12.1","","-15.5","","76","","9","","10","","64.4","","97.90","","","","-18","","Mostly Cloudy"
"2017-01-05 23:00","2017","01","05","23:00","-11.8","","-15.1","","77","","10","","9","","32.2","","97.82","","","","-17","","NA"
"2017-01-06 00:00","2017","01","06","00:00","-11.4","","-14.8","","76","","5","","6","","32.2","","97.77","","","","-15","","NA"
"2017-01-06 01:00","2017","01","06","01:00","-10.9","","-14.5","","75","","7","","5","","32.2","","97.75","","","","-14","","Cloudy"
"2017-01-06 02:00","2017","01","06","02:00","-10.9","","-14.2","","77","","6","","7","","6.4","","97.77","","","","-15","","Snow"
"2017-01-06 03:00","2017","01","06","03:00","-10.7","","-13.2","","82","","11","","9","","8.1","","97.75","","","","-16","","Snow"
"2017-01-06 04:00","2017","01","06","04:00","-13.3","","-15.5","","84","","5","","8","","16.1","","97.70","","","","-18","","Snow"
"2017-01-06 05:00","2017","01","06","05:00","-13.9","","-15.9","","85","","36","","3","","16.1","","97.72","","","","-16","","Snow"
"2017-01-06 06:00","2017","01","06","06:00","-11.8","","-13.8","","85","","11","","7","","48.3","","97.72","","","","-16","","NA"
"2017-01-06 07:00","2017","01","06","07:00","-11.8","","-14.0","","84","","9","","8","","48.3","","97.70","","","","-17","","Mostly Cloudy"
"2017-01-06 08:00","2017","01","06","08:00","-11.9","","-14.2","","83","","6","","3","","48.3","","97.71","","","","-14","","NA"
"2017-01-06 09:00","2017","01","06","09:00","-12.5","","-15.1","","81","","6","","9","","48.3","","97.76","","","","-18","","NA"
"2017-01-06 10:00","2017","01","06","10:00","-11.4","","-14.4","","79","","36","","1","","64.4","","97.78","","","","-12","","Mostly Cloudy"
"2017-01-06 11:00","2017","01","06","11:00","-10.1","","-13.6","","76","","36","","2","","64.4","","97.78","","","","-11","","NA"
"2017-01-06 12:00","2017","01","06","12:00","-9.5","","-13.3","","74","","36","","1","","64.4","","97.74","","","","-10","","NA"
"2017-01-06 13:00","2017","01","06","13:00","-10.2","","-13.8","","75","","34","","4","","64.4","","97.70","","","","-13","","Mostly Cloudy"
"2017-01-06 14:00","2017","01","06","14:00","-6.2","","-11.4","","67","","11","","13","","64.4","","97.71","","","","-12","","NA"
"2017-01-06 15:00","2017","01","06","15:00","-5.5","","-11.3","","64","","8","","17","","64.4","","97.72","","","","-12","","NA"
"2017-01-06 16:00","2017","01","06","16:00","-6.0","","-12.6","","60","","9","","18","","64.4","","97.74","","","","-12","","Mostly Cloudy"
"2017-01-06 17:00","2017","01","06","17:00","-5.9","","-10.9","","68","","12","","15","","64.4","","97.78","","","","-12","","NA"
"2017-01-06 18:00","2017","01","06","18:00","-6.3","","-11.1","","69","","11","","14","","64.4","","97.80","","","","-12","","NA"
"2017-01-06 19:00","2017","01","06","19:00","-6.6","","-11.2","","70","","10","","18","","64.4","","97.80","","","","-13","","Mostly Cloudy"
"2017-01-06 20:00","2017","01","06","20:00","-6.4","","-11.4","","68","","11","","22","","64.4","","97.84","","","","-14","","NA"
"2017-01-06 21:00","2017","01","06","21:00","-6.5","","-11.3","","69","","11","","18","","64.4","","97.91","","","","-13","","NA"
"2017-01-06 22:00","2017","01","06","22:00","-7.1","","-11.9","","69","","8","","13","","64.4","","97.94","","","","-13","","Cloudy"
"2017-01-06 23:00","2017","01","06","23:00","-7.0","","-11.2","","72","","9","","20","","64.4","","97.99","","","","-14","","NA"
"2017-01-07 00:00","2017","01","07","00:00","-6.8","","-11.2","","71","","9","","19","","32.2","","98.00","","","","-14","","NA"
"2017-01-07 01:00","2017","01","07","01:00","-6.7","","-11.5","","69","","8","","17","","32.2","","98.01","","","","-13","","Cloudy"
"2017-01-07 02:00","2017","01","07","02:00","-6.3","","-11.3","","68","","11","","20","","32.2","","98.02","","","","-13","","NA"
"2017-01-07 03:00","2017","01","07","03:00"
"2017-01-07 04:00","2017","01","07","04:00","-7.3","","-11.5","","72","","9","","19","","32.2","","98.01","","","","-14","","Cloudy"
"2017-01-07 05:00","2017","01","07","05:00","-8.2","","-12.2","","73","","8","","19","","32.2","","97.99","","","","-15","","NA"
"2017-01-07 06:00","2017","01","07","06:00","-7.8","","-11.7","","74","","9","","20","","32.2","","97.98","","","","-15","","NA"
"2017-01-07 07:00","2017","01","07","07:00","-10.0","","-12.8","","80","","7","","17","","64.4","","98.00","","","","-17","","Mainly Clear"
"2017-01-07 08:00","2017","01","07","08:00","-9.6","","-13.4","","74","","8","","14","","64.4","","98.01","","","","-16","","NA"
"2017-01-07 09:00","2017","01","07","09:00","-10.5","","-14.0","","76","","8","","11","","64.4","","98.02","","","","-16","","NA"
"2017-01-07 10:00","2017","01","07","10:00","-8.3","","-12.5","","72","","8","","8","","64.4","","98.00","","","","-12","","Mostly Cloudy"
"2017-01-07 11:00","2017","01","07","11:00","-7.0","","-11.8","","69","","8","","16","","64.4","","97.89","","","","-13","","NA"
"2017-01-07 12:00","2017","01","07","12:00","-6.4","","-12.0","","65","","5","","8","","64.4","","97.80","","","","-10","","NA"
"2017-01-07 13:00","2017","01","07","13:00","-5.5","","-11.1","","65","","9","","11","","64.4","","97.70","","","","-10","","Mostly Cloudy"
"2017-01-07 14:00","2017","01","07","14:00","-6.0","","-11.8","","64","","9","","9","","64.4","","97.63","","","","-10","","NA"
"2017-01-07 15:00","2017","01","07","15:00","-5.5","","-11.3","","64","","9","","13","","64.4","","97.59","","","","-11","","NA"
"2017-01-07 16:00","2017","01","07","16:00","-6.7","","-12.0","","66","","8","","9","","64.4","","97.55","","","","-11","","Mostly Cloudy"
"2017-01-07 17:00","2017","01","07","17:00","-8.7","","-13.4","","69","","36","","5","","64.4","","97.55","","","","-11","","NA"
"2017-01-07 18:00","2017","01","07","18:00","-9.7","","-13.0","","77","","30","","8","","64.4","","97.57","","","","-14","","NA"
"2017-01-07 19:00","2017","01","07","19:00","-10.6","","-13.7","","78","","30","","4","","64.4","","97.64","","","","-13","","Mostly Cloudy"
"2017-01-07 20:00","2017","01","07","20:00","-10.1","","-14.4","","71","","26","","9","","64.4","","97.71","","","","-15","","NA"
"2017-01-07 21:00","2017","01","07","21:00","-10.9","","-13.7","","80","","27","","7","","64.4","","97.77","","","","-15","","NA"
"2017-01-07 22:00","2017","01","07","22:00","-10.0","","-13.0","","79","","27","","5","","64.4","","97.88","","","","-13","","Mostly Cloudy"
"2017-01-07 23:00","2017","01","07","23:00","-10.3","","-13.3","","79","","36","","2","","64.4","","97.96","","","","-11","","NA"
"2017-01-08 00:00","2017","01","08","00:00","-11.8","","-14.6","","80","","28","","3","","64.4","","98.05","","","","-14","","NA"
"2017-01-08 01:00","2017","01","08","01:00","-12.1","","-14.1","","85","","36","","3","","64.4","","98.14","","","","-14","","Mainly Clear"
"2017-01-08 02:00","2017","01","08","02:00","-12.0","","-14.6","","81","","12","","4","","64.4","","98.21","","","","-15","","NA"
"2017-01-08 03:00","2017","01","08","03:00","-11.5","","-14.1","","81","","3","","3","","64.4","","98.27","","","","-13","","NA"
"2017-01-08 04:00","2017","01","08","04:00","-11.8","","-14.4","","81","","9","","9","","64.4","","98.26","","","","-17","","Cloudy"
"2017-01-08 05:00","2017","01","08","05:00","-11.2","","-13.8","","81","","8","","7","","64.4","","98.22","","","","-15","","NA"
"2017-01-08 06:00","2017","01","08","06:00","-11.7","","-14.2","","82","","5","","7","","64.4","","98.18","","","","-16","","NA"
"2017-01-08 07:00","2017","01","08","07:00","-11.2","","-13.4","","84","","12","","5","","64.4","","98.16","","","","-14","","Cloudy"
"2017-01-08 08:00","2017","01","08","08:00","-11.3","","-13.8","","82","","6","","7","","24.1","","98.12","","","","-16","","NA"
"2017-01-08 09:00","2017","01","08","09:00","-10.1","","-12.9","","80","","10","","11","","24.1","","98.10","","","","-16","","NA"
"2017-01-08 10:00","2017","01","08","10:00","-9.7","","-12.4","","81","","9","","14","","24.1","","97.94","","","","-16","","Cloudy"
"2017-01-08 11:00","2017","01","08","11:00","-9.4","","-12.7","","77","","11","","16","","24.1","","97.82","","","","-16","","NA"
"2017-01-08 12:00","2017","01","08","12:00","-8.9","","-12.4","","76","","11","","15","","32.2","","97.66","","","","-15","","NA"
"2017-01-08 13:00","2017","01","08","13:00","-8.6","","-12.3","","75","","12","","10","","40.2","","97.43","","","","-14","","Cloudy"
"2017-01-08 14:00","2017","01","08","14:00","-8.5","","-12.2","","75","","12","","13","","40.2","","97.26","","","","-14","","NA"
"2017-01-08 15:00","2017","01","08","15:00","-8.0","","-11.5","","76","","11","","15","","40.2","","97.14","","","","-14","","NA"
"2017-01-08 16:00","2017","01","08","16:00","-7.8","","-11.5","","75","","12","","14","","32.2","","96.99","","","","-14","","Cloudy"
"2017-01-08 17:00","2017","01","08","17:00","-8.1","","-10.7","","82","","13","","15","","2.4","","96.74","","","","-14","","Snow"
"2017-01-08 18:00","2017","01","08","18:00","-8.3","","-10.1","","87","","11","","13","","1.2","","96.51","","","","-14","","Snow"
"2017-01-08 19:00","2017","01","08","19:00","-8.5","","-10.1","","88","","10","","13","","0.8","","96.40","","","","-14","","Moderate Snow"
"2017-01-08 20:00","2017","01","08","20:00","-8.8","","-10.4","","88","","36","","2","","4.0","","96.32","","","","-10","","Snow"
"2017-01-08 21:00","2017","01","08","21:00","-8.7","","-10.3","","88","","5","","3","","24.1","","96.24","","","","-10","","Snow"
"2017-01-08 22:00","2017","01","08","22:00","-8.3","","-10.0","","88","","7","","4","","6.4","","96.19","","","","-10","","Snow"
"2017-01-08 23:00","2017","01","08","23:00","-8.0","","-9.9","","86","","5","","5","","24.1","","96.19","","","","-11","","Snow"
"2017-01-09 00:00","2017","01","09","00:00","-8.3","","-10.4","","85","","6","","5","","32.2","","96.15","","","","-11","","NA"
"2017-01-09 01:00","2017","01","09","01:00","-8.3","","-10.2","","86","","23","","3","","32.2","","96.13","","","","-10","","Cloudy"
"2017-01-09 02:00","2017","01","09","02:00","-7.6","","-10.3","","81","","20","","8","","48.3","","96.16","","","","-12","","NA"
"2017-01-09 03:00","2017","01","09","03:00","-8.3","","-10.5","","84","","26","","7","","48.3","","96.20","","","","-12","","NA"
"2017-01-09 04:00","2017","01","09","04:00","-7.7","","-10.9","","78","","24","","12","","48.3","","96.16","","","","-13","","Snow"
"2017-01-09 05:00","2017","01","09","05:00","-7.5","","-11.2","","75","","25","","15","","48.3","","96.13","","","","-14","","Snow"
"2017-01-09 06:00","2017","01","09","06:00","-7.4","","-11.6","","72","","24","","12","","48.3","","96.04","","","","-13","","Snow"
"2017-01-09 07:00","2017","01","09","07:00","-7.1","","-12.2","","67","","26","","25","","32.2","","96.05","","","","-15","","Snow"
"2017-01-09 08:00","2017","01","09","08:00","-8.2","","-12.2","","73","","26","","32","","20.9","","96.10","","","","-17","","Snow"
"2017-01-09 09:00","2017","01","09","09:00","-7.7","","-13.6","","63","","27","","38","","64.4","","96.21","","","","-17","","NA"
"2017-01-09 10:00","2017","01","09","10:00","-7.9","","-14.8","","58","","27","","34","","40.2","","96.35","","","","-17","","Cloudy"
"2017-01-09 11:00","2017","01","09","11:00","-8.6","","-13.0","","71","","27","","36","","3.2","","96.53","","","","-18","","Snow"
"2017-01-09 12:00","2017","01","09","12:00","-8.7","","-12.9","","72","","27","","35","","4.0","","96.63","","","","-18","","Snow,Blowing Snow"
"2017-01-09 13:00","2017","01","09","13:00","-8.9","","-12.6","","75","","27","","29","","3.2","","96.71","","","","-18","","Snow,Blowing Snow"
"2017-01-09 14:00","2017","01","09","14:00","-8.2","","-13.5","","66","","27","","33","","9.7","","96.79","","","","-18","","Snow,Blowing Snow"
"2017-01-09 15:00","2017","01","09","15:00","-7.8","","-14.5","","59","","27","","25","","24.1","","96.90","","","","-16","","Snow,Blowing Snow"
"2017-01-09 16:00","2017","01","09","16:00","-7.5","","-14.6","","57","","26","","25","","48.3","","96.95","","","","-16","","Blowing Snow"
"2017-01-09 17:00","2017","01","09","17:00","-7.9","","-15.5","","55","","28","","20","","48.3","","97.06","","","","-15","","NA"
"2017-01-09 18:00","2017","01","09","18:00","-10.1","","-17.8","","54","","28","","13","","64.4","","97.13","","","","-16","","NA"
"2017-01-09 19:00","2017","01","09","19:00","-9.9","","-17.6","","54","","28","","15","","64.4","","97.22","","","","-17","","Mostly Cloudy"
"2017-01-09 20:00","2017","01","09","20:00","-11.2","","-17.5","","60","","","","0","","64.4","","97.26","","","","","","NA"
"2017-01-09 21:00","2017","01","09","21:00","-11.0","","-15.3","","71","","11","","10","","64.4","","97.31","","","","-16","","NA"
"2017-01-09 22:00","2017","01","09","22:00","-12.1","","-15.4","","77","","9","","8","","64.4","","97.33","","","","-17","","Mostly Cloudy"
"2017-01-09 23:00","2017","01","09","23:00","-11.3","","-15.9","","69","","12","","8","","64.4","","97.39","","","","-16","","NA"
"2017-01-10 00:00","2017","01","10","00:00","-11.8","","-16.1","","71","","36","","2","","64.4","","97.38","","","","-13","","NA"
"2017-01-10 01:00","2017","01","10","01:00","-10.4","","-14.0","","75","","12","","12","","64.4","","97.36","","","","-16","","Cloudy"
"2017-01-10 02:00","2017","01","10","02:00","-10.6","","-14.9","","71","","4","","6","","64.4","","97.35","","","","-14","","NA"
"2017-01-10 03:00","2017","01","10","03:00","-9.7","","-16.5","","58","","30","","16","","64.4","","97.37","","","","-17","","NA"
"2017-01-10 04:00","2017","01","10","04:00","-9.4","","-17.1","","54","","26","","10","","64.4","","97.40","","","","-15","","Cloudy"
"2017-01-10 05:00","2017","01","10","05:00","-9.8","","-16.6","","58","","36","","3","","64.4","","97.42","","","","-12","","NA"
"2017-01-10 06:00","2017","01","10","06:00","-10.9","","-16.3","","65","","29","","7","","64.4","","97.46","","","","-15","","NA"
"2017-01-10 07:00","2017","01","10","07:00","-11.6","","-18.9","","55","","28","","16","","64.4","","97.52","","","","-19","","Mostly Cloudy"
"2017-01-10 08:00","2017","01","10","08:00","-11.6","","-19.2","","54","","27","","25","","64.4","","97.53","","","","-21","","NA"
"2017-01-10 09:00","2017","01","10","09:00","-11.6","","-19.2","","54","","28","","26","","64.4","","97.63","","","","-21","","NA"
"2017-01-10 10:00","2017","01","10","10:00","-11.1","","-19.4","","51","","26","","34","","64.4","","97.70","","","","-22","","Mainly Clear"
"2017-01-10 11:00","2017","01","10","11:00","-10.7","","-18.5","","53","","28","","36","","64.4","","97.69","","","","-21","","NA"
"2017-01-10 12:00","2017","01","10","12:00","-10.2","","-19.3","","48","","27","","29","","64.4","","97.69","","","","-20","","NA"
"2017-01-10 13:00","2017","01","10","13:00","-9.8","","-19.4","","46","","26","","23","","64.4","","97.62","","","","-18","","Clear"
"2017-01-10 14:00","2017","01","10","14:00","-9.5","","-19.1","","46","","26","","22","","64.4","","97.57","","","","-18","","NA"
"2017-01-10 15:00","2017","01","10","15:00","-9.8","","-18.9","","48","","26","","21","","64.4","","97.53","","","","-18","","NA"
"2017-01-10 16:00","2017","01","10","16:00","-10.1","","-19.2","","48","","28","","18","","64.4","","97.54","","","","-18","","Clear"
"2017-01-10 17:00","2017","01","10","17:00","-12.3","","-19.6","","55","","28","","8","","64.4","","97.60","","","","-17","","NA"
"2017-01-10 18:00","2017","01","10","18:00","-13.2","","-20.9","","53","","36","","3","","64.4","","97.62","","","","-15","","NA"
"2017-01-10 19:00","2017","01","10","19:00","-14.4","","-17.6","","77","","12","","10","","64.4","","97.64","","","","-21","","Clear"
"2017-01-10 20:00","2017","01","10","20:00","-15.2","","-17.9","","80","","11","","13","","64.4","","97.65","","","","-23","","NA"
"2017-01-10 21:00","2017","01","10","21:00","-19.0","","-22.9","","72","","8","","6","","64.4","","97.71","","","","-24","","NA"
"2017-01-10 22:00","2017","01","10","22:00","-16.9","","-20.8","","72","","11","","12","","64.4","","97.75","","","","-24","","Clear"
"2017-01-10 23:00","2017","01","10","23:00","-17.6","","-20.4","","79","","10","","16","","64.4","","97.75","","","","-26","","NA"
"2017-01-11 00:00","2017","01","11","00:00","-19.4","","-22.9","","74","","14","","4","","64.4","","97.70","","","","-23","","NA"
"2017-01-11 01:00","2017","01","11","01:00","-18.7","","-21.9","","76","","9","","8","","64.4","","97.68","","","","-25","","Clear"
"2017-01-11 02:00","2017","01","11","02:00","-19.1","","-22.8","","73","","11","","7","","64.4","","97.72","","","","-25","","NA"
"2017-01-11 03:00","2017","01","11","03:00","-20.8","","-24.3","","74","","5","","9","","64.4","","97.72","","","","-28","","NA"
"2017-01-11 04:00","2017","01","11","04:00","-22.3","","-25.3","","77","","4","","6","","64.4","","97.76","","","","-28","","Clear"
"2017-01-11 05:00","2017","01","11","05:00","-23.5","","-26.6","","76","","10","","12","","64.4","","97.78","","","","-32","","NA"
"2017-01-11 06:00","2017","01","11","06:00","-22.9","","-26.0","","76","","4","","5","","64.4","","97.79","","","","-28","","NA"
"2017-01-11 07:00","2017","01","11","07:00","-23.2","","-26.2","","77","","6","","8","","64.4","","97.80","","","","-30","","Mainly Clear"
"2017-01-11 08:00","2017","01","11","08:00","-22.8","","-25.8","","77","","6","","8","","64.4","","97.87","","","","-30","","NA"
"2017-01-11 09:00","2017","01","11","09:00","-22.2","","-25.1","","78","","8","","9","","64.4","","97.93","","","","-29","","NA"
"2017-01-11 10:00","2017","01","11","10:00","-20.9","","-23.9","","77","","9","","8","","64.4","","97.98","","","","-27","","Mainly Clear"
"2017-01-11 11:00","2017","01","11","11:00","-19.4","","-22.9","","74","","6","","8","","64.4","","97.97","","","","-26","","NA"
"2017-01-11 12:00","2017","01","11","12:00","-18.3","","-22.3","","71","","0","","1","","64.4","","97.93","","","","-19","","NA"
"2017-01-11 13:00","2017","01","11","13:00","-16.9","","-21.3","","69","","0","","1","","64.4","","97.87","","","","-18","","Mainly Clear"
"2017-01-11 14:00","2017","01","11","14:00","-16.0","","-20.1","","71","","36","","1","","32.2","","97.88","","","","-17","","NA"
"2017-01-11 15:00","2017","01","11","15:00","-15.3","","-19.4","","71","","36","","3","","64.4","","97.91","","","","-17","","NA"
"2017-01-11 16:00","2017","01","11","16:00","-16.1","","-20.9","","67","","36","","3","","64.4","","97.99","","","","-18","","Clear"
"2017-01-11 17:00","2017","01","11","17:00","-18.7","","-22.7","","71","","31","","3","","64.4","","98.03","","","","-21","","NA"
"2017-01-11 18:00","2017","01","11","18:00","-18.0","","-21.4","","75","","","","0","","64.4","","98.07","","","","","","NA"
"2017-01-11 19:00","2017","01","11","19:00","-19.2","","-22.6","","75","","10","","12","","64.4","","98.14","","","","-27","","Clear"
"2017-01-11 20:00","2017","01","11","20:00","-19.8","","-23.2","","75","","7","","8","","64.4","","98.19","","","","-26","","NA"
"2017-01-11 21:00","2017","01","11","21:00","-21.9","","-25.2","","75","","6","","8","","64.4","","98.24","","","","-28","","NA"
"2017-01-11 22:00","2017","01","11","22:00","-22.5","","-25.8","","75","","9","","13","","64.4","","98.32","","","","-31","","Mainly Clear"
"2017-01-11 23:00","2017","01","11","23:00","-21.8","","-24.8","","77","","8","","13","","64.4","","98.36","","","","-31","","NA"
"2017-01-12 00:00","2017","01","12","00:00","-22.4","","-25.4","","77","","10","","13","","64.4","","98.40","","","","-31","","NA"
"2017-01-12 01:00","2017","01","12","01:00","-23.0","","-26.0","","77","","6","","10","","64.4","","98.42","","","","-31","","Mainly Clear"
"2017-01-12 02:00","2017","01","12","02:00","-23.1","","-26.2","","76","","8","","8","","64.4","","98.44","","","","-30","","NA"
"2017-01-12 03:00","2017","01","12","03:00","-22.8","","-25.9","","76","","7","","9","","24.1","","98.50","","","","-30","","NA"
"2017-01-12 04:00","2017","01","12","04:00","-23.8","","-26.6","","78","","6","","9","","24.1","","98.53","","","","-31","","Mainly Clear"
"2017-01-12 05:00","2017","01","12","05:00","-23.1","","-25.9","","78","","7","","9","","24.1","","98.50","","","","-30","","NA"
"2017-01-12 06:00","2017","01","12","06:00","-23.9","","-27.0","","76","","5","","9","","24.1","","98.50","","","","-31","","NA"
"2017-01-12 07:00","2017","01","12","07:00","-23.6","","-26.7","","76","","9","","15","","32.2","","98.54","","","","-34","","Mostly Cloudy"
"2017-01-12 08:00","2017","01","12","08:00","-23.5","","-26.6","","76","","5","","8","","40.2","","98.63","","","","-30","","NA"
"2017-01-12 09:00","2017","01","12","09:00","-23.2","","-26.3","","76","","6","","6","","32.2","","98.69","","","","-29","","NA"
"2017-01-12 10:00","2017","01","12","10:00","-21.6","","-24.9","","75","","5","","5","","32.2","","98.72","","","","-26","","Mostly Cloudy"
"2017-01-12 11:00","2017","01","12","11:00","-20.6","","-23.8","","76","","9","","11","","32.2","","98.73","","","","-28","","NA"
"2017-01-12 12:00","2017","01","12","12:00","-18.8","","-22.5","","73","","10","","8","","48.3","","98.69","","","","-25","","NA"
"2017-01-12 13:00","2017","01","12","13:00","-17.8","","-22.2","","69","","7","","4","","48.3","","98.64","","","","-21","","Mainly Clear"
"2017-01-12 14:00","2017","01","12","14:00","-16.6","","-21.6","","66","","10","","7","","64.4","","98.61","","","","-22","","NA"
"2017-01-12 15:00","2017","01","12","15:00","-16.2","","-21.2","","66","","10","","8","","64.4","","98.67","","","","-22","","NA"
"2017-01-12 16:00","2017","01","12","16:00","-16.3","","-20.6","","70","","12","","4","","64.4","","98.69","","","","-19","","Clear"
"2017-01-12 17:00","2017","01","12","17:00","-19.1","","-23.6","","68","","36","","1","","64.4","","98.76","","","","-20","","NA"
"2017-01-12 18:00","2017","01","12","18:00","-18.6","","-22.6","","71","","7","","7","","64.4","","98.81","","","","-24","","NA"
"2017-01-12 19:00","2017","01","12","19:00","-19.0","","-22.5","","74","","9","","5","","64.4","","98.86","","","","-23","","Mainly Clear"
"2017-01-12 20:00","2017","01","12","20:00","-19.5","","-22.7","","76","","9","","9","","64.4","","98.90","","","","-26","","NA"
"2017-01-12 21:00","2017","01","12","21:00","-20.1","","-23.2","","77","","7","","7","","64.4","","98.94","","","","-26","","NA"
"2017-01-12 22:00","2017","01","12","22:00","-19.6","","-22.8","","76","","8","","10","","64.4","","99.01","","","","-27","","Mainly Clear"
"2017-01-12 23:00","2017","01","12","23:00","-19.2","","-21.8","","80","","7","","7","","16.1","","99.07","","","","-25","","NA"
"2017-01-13 00:00","2017","01","13","00:00","-19.2","","-22.6","","75","","5","","7","","32.2","","99.08","","","","-25","","NA"
"2017-01-13 01:00","2017","01","13","01:00","-19.5","","-22.7","","76","","10","","14","","32.2","","99.08","","","","-28","","Mostly Cloudy"
"2017-01-13 02:00","2017","01","13","02:00","-20.4","","-23.5","","77","","6","","10","","24.1","","99.14","","","","-28","","NA"
"2017-01-13 03:00","2017","01","13","03:00","-20.6","","-23.4","","79","","4","","5","","40.2","","99.19","","","","-25","","NA"
"2017-01-13 04:00","2017","01","13","04:00","-20.3","","-23.2","","78","","6","","3","","24.1","","99.27","","","","-23","","Snow"
"2017-01-13 05:00","2017","01","13","05:00","-21.9","","-24.6","","79","","4","","7","","24.1","","99.30","","","","-28","","Snow"
"2017-01-13 06:00","2017","01","13","06:00","-22.1","","-24.8","","79","","8","","8","","16.1","","99.30","","","","-29","","Snow"
"2017-01-13 07:00","2017","01","13","07:00","-20.4","","-23.2","","79","","5","","6","","24.1","","99.35","","","","-25","","Snow"
"2017-01-13 08:00","2017","01","13","08:00","-20.4","","-23.3","","78","","36","","2","","16.1","","99.45","","","","-22","","Snow"
"2017-01-13 09:00","2017","01","13","09:00","-19.5","","-22.4","","78","","4","","3","","16.1","","99.51","","","","-22","","Snow"
"2017-01-13 10:00","2017","01","13","10:00","-17.9","","-20.7","","79","","9","","7","","32.2","","99.55","","","","-23","","Snow"
"2017-01-13 11:00","2017","01","13","11:00","-17.2","","-20.3","","77","","10","","5","","32.2","","99.58","","","","-21","","Snow"
"2017-01-13 12:00","2017","01","13","12:00","-16.4","","-20.5","","71","","3","","4","","32.2","","99.54","","","","-19","","Snow"
"2017-01-13 13:00","2017","01","13","13:00","-15.5","","-20.3","","67","","6","","4","","48.3","","99.46","","","","-18","","Mostly Cloudy"
"2017-01-13 14:00","2017","01","13","14:00","-15.1","","-20.3","","65","","36","","2","","64.4","","99.45","","","","-17","","NA"
"2017-01-13 15:00","2017","01","13","15:00","-14.5","","-19.5","","66","","6","","5","","64.4","","99.48","","","","-18","","NA"
"2017-01-13 16:00","2017","01","13","16:00","-14.2","","-19.1","","67","","7","","4","","64.4","","99.49","","","","-17","","Cloudy"
"2017-01-13 17:00","2017","01","13","17:00","-14.4","","-18.9","","69","","8","","7","","64.4","","99.49","","","","-19","","NA"
"2017-01-13 18:00","2017","01","13","18:00","-14.6","","-18.6","","72","","9","","9","","64.4","","99.48","","","","-20","","NA"
"2017-01-13 19:00","2017","01","13","19:00","-14.7","","-18.5","","73","","4","","7","","64.4","","99.49","","","","-19","","Mainly Clear"
"2017-01-13 20:00","2017","01","13","20:00","-15.8","","-19.8","","72","","6","","9","","64.4","","99.51","","","","-22","","NA"
"2017-01-13 21:00","2017","01","13","21:00","-15.5","","-19.3","","73","","9","","16","","64.4","","99.54","","","","-24","","NA"
"2017-01-13 22:00","2017","01","13","22:00","-16.1","","-19.6","","75","","8","","12","","64.4","","99.56","","","","-23","","Mostly Cloudy"
"2017-01-13 23:00","2017","01","13","23:00","-16.8","","-19.9","","77","","7","","9","","64.4","","99.57","","","","-23","","NA"
"2017-01-14 00:00","2017","01","14","00:00","-15.5","","-18.8","","76","","9","","15","","64.4","","99.53","","","","-24","","NA"
"2017-01-14 01:00","2017","01","14","01:00","-15.3","","-17.9","","81","","12","","8","","64.4","","99.53","","","","-21","","Mostly Cloudy"
"2017-01-14 02:00","2017","01","14","02:00","-15.9","","-18.6","","80","","10","","13","","48.3","","99.56","","","","-23","","NA"
"2017-01-14 03:00","2017","01","14","03:00","-15.7","","-18.3","","81","","10","","15","","48.3","","99.57","","","","-24","","NA"
"2017-01-14 04:00","2017","01","14","04:00","-16.4","","-19.2","","79","","9","","16","","48.3","","99.54","","","","-25","","Mostly Cloudy"
"2017-01-14 05:00","2017","01","14","05:00","-18.2","","-21.0","","79","","8","","11","","40.2","","99.52","","","","-25","","NA"
"2017-01-14 06:00","2017","01","14","06:00","-18.1","","-20.8","","80","","10","","13","","48.3","","99.53","","","","-26","","NA"
"2017-01-14 07:00","2017","01","14","07:00","-17.2","","-19.7","","81","","9","","12","","40.2","","99.51","","","","-25","","Mainly Clear"
"2017-01-14 08:00","2017","01","14","08:00","-19.1","","-21.7","","80","","8","","10","","32.2","","99.51","","","","-26","","NA"
"2017-01-14 09:00","2017","01","14","09:00","-17.2","","-19.9","","80","","10","","14","","32.2","","99.56","","","","-25","","NA"
"2017-01-14 10:00","2017","01","14","10:00","-16.2","","-18.9","","80","","10","","16","","32.2","","99.49","","","","-25","","Mainly Clear"
"2017-01-14 11:00","2017","01","14","11:00","-14.5","","-17.7","","77","","11","","17","","64.4","","99.38","","","","-23","","NA"
"2017-01-14 12:00","2017","01","14","12:00","-12.6","","-16.7","","72","","12","","10","","64.4","","99.29","","","","-18","","NA"
"2017-01-14 13:00","2017","01","14","13:00","-10.3","","-14.8","","70","","11","","10","","64.4","","99.20","","","","-16","","Mostly Cloudy"
"2017-01-14 14:00","2017","01","14","14:00","-9.4","","-14.3","","68","","9","","9","","64.4","","99.11","","","","-14","","NA"
"2017-01-14 15:00","2017","01","14","15:00","-10.3","","-14.8","","70","","8","","11","","64.4","","99.10","","","","-16","","NA"
"2017-01-14 16:00","2017","01","14","16:00","-11.2","","-15.5","","71","","8","","13","","64.4","","99.04","","","","-18","","Mostly Cloudy"
"2017-01-14 17:00","2017","01","14","17:00","-11.0","","-15.3","","71","","9","","15","","64.4","","99.00","","","","-18","","NA"
"2017-01-14 18:00","2017","01","14","18:00","-11.9","","-15.8","","73","","9","","15","","64.4","","98.96","","","","-19","","NA"
"2017-01-14 19:00","2017","01","14","19:00","-13.1","","-16.8","","74","","6","","8","","64.4","","98.94","","","","-18","","Mainly Clear"
"2017-01-14 20:00","2017","01","14","20:00","-13.3","","-16.7","","76","","10","","12","","64.4","","98.91","","","","-20","","NA"
"2017-01-14 21:00","2017","01","14","21:00","-13.3","","-16.1","","80","","11","","12","","64.4","","98.88","","","","-20","","NA"
"2017-01-14 22:00","2017","01","14","22:00","-12.2","","-15.3","","78","","8","","13","","64.4","","98.84","","","","-19","","Mostly Cloudy"
"2017-01-14 23:00","2017","01","14","23:00","-12.8","","-15.9","","78","","1","","7","","32.2","","98.82","","","","-17","","NA"
"2017-01-15 00:00","2017","01","15","00:00","-11.9","","-15.2","","77","","12","","6","","32.2","","98.78","","","","-16","","NA"
"2017-01-15 01:00","2017","01","15","01:00","-11.6","","-14.7","","78","","5","","11","","32.2","","98.72","","","","-18","","Mostly Cloudy"
"2017-01-15 02:00","2017","01","15","02:00","-10.8","","-13.9","","78","","5","","5","","32.2","","98.77","","","","-14","","NA"
"2017-01-15 03:00","2017","01","15","03:00","-9.8","","-13.0","","78","","3","","7","","32.2","","98.78","","","","-14","","NA"
"2017-01-15 04:00","2017","01","15","04:00","-10.0","","-13.1","","78","","11","","12","","32.2","","98.64","","","","-16","","Mostly Cloudy"
"2017-01-15 05:00","2017","01","15","05:00","-9.6","","-12.8","","78","","15","","8","","32.2","","98.68","","","","-14","","NA"
"2017-01-15 06:00","2017","01","15","06:00","-11.6","","-14.4","","80","","8","","5","","64.4","","98.68","","","","-15","","NA"
"2017-01-15 07:00","2017","01","15","07:00","-13.2","","-15.1","","86","","8","","8","","64.4","","98.67","","","","-18","","Mainly Clear"
"2017-01-15 08:00","2017","01","15","08:00","-11.6","","-13.9","","83","","9","","12","","64.4","","98.69","","","","-18","","NA"
"2017-01-15 09:00","2017","01","15","09:00","-12.5","","-15.0","","82","","9","","9","","64.4","","98.71","","","","-18","","NA"
"2017-01-15 10:00","2017","01","15","10:00","-11.4","","-14.0","","81","","9","","10","","64.4","","98.73","","","","-17","","Mainly Clear"
"2017-01-15 11:00","2017","01","15","11:00","-9.3","","-12.8","","76","","10","","9","","64.4","","98.72","","","","-14","","NA"
"2017-01-15 12:00","2017","01","15","12:00","-7.5","","-11.9","","71","","11","","8","","64.4","","98.65","","","","-12","","NA"
"2017-01-15 13:00","2017","01","15","13:00","-6.3","","-10.4","","73","","12","","6","","64.4","","98.60","","","","-9","","Mostly Cloudy"
"2017-01-15 14:00","2017","01","15","14:00","-5.2","","-9.7","","71","","11","","11","","64.4","","98.54","","","","-10","","NA"
"2017-01-15 15:00","2017","01","15","15:00","-5.2","","-9.7","","71","","12","","6","","64.4","","98.60","","","","-8","","NA"
"2017-01-15 16:00","2017","01","15","16:00","-6.0","","-10.6","","70","","12","","9","","64.4","","98.66","","","","-10","","Mostly Cloudy"
"2017-01-15 17:00","2017","01","15","17:00","-8.6","","-11.9","","77","","10","","13","","64.4","","98.64","","","","-15","","NA"
"2017-01-15 18:00","2017","01","15","18:00","-8.6","","-11.8","","78","","9","","7","","64.4","","98.70","","","","-12","","NA"
"2017-01-15 19:00","2017","01","15","19:00","-8.6","","-11.5","","80","","9","","11","","64.4","","98.71","","","","-14","","Mostly Cloudy"
"2017-01-15 20:00","2017","01","15","20:00","-7.8","","-10.7","","80","","10","","11","","64.4","","98.74","","","","-13","","NA"
"2017-01-15 21:00","2017","01","15","21:00","-8.3","","-11.3","","79","","5","","7","","64.4","","98.76","","","","-12","","NA"
"2017-01-15 22:00","2017","01","15","22:00","-9.5","","-12.2","","81","","9","","8","","64.4","","98.74","","","","-14","","Mostly Cloudy"
"2017-01-15 23:00","2017","01","15","23:00","-7.4","","-10.4","","79","","11","","15","","32.2","","98.64","","","","-14","","NA"
"2017-01-16 00:00","2017","01","16","00:00","-7.4","","-10.4","","79","","3","","5","","32.2","","98.73","","","","-10","","NA"
"2017-01-16 01:00","2017","01","16","01:00","-6.7","","-9.6","","80","","11","","14","","32.2","","98.69","","","","-12","","Mostly Cloudy"
"2017-01-16 02:00","2017","01","16","02:00","-7.2","","-10.3","","79","","9","","14","","32.2","","98.59","","","","-13","","NA"
"2017-01-16 03:00","2017","01","16","03:00","-6.9","","-9.8","","80","","36","","3","","32.2","","98.61","","","","-8","","NA"
"2017-01-16 04:00","2017","01","16","04:00","-6.9","","-9.5","","82","","14","","7","","32.2","","98.54","","","","-10","","Mostly Cloudy"
"2017-01-16 05:00","2017","01","16","05:00","-6.8","","-9.5","","81","","9","","8","","32.2","","98.48","","","","-11","","NA"
"2017-01-16 06:00","2017","01","16","06:00","-7.1","","-9.8","","81","","5","","6","","32.2","","98.47","","","","-10","","NA"
"2017-01-16 07:00","2017","01","16","07:00","-6.9","","-9.5","","82","","6","","8","","48.3","","98.42","","","","-11","","Snow"
"2017-01-16 08:00","2017","01","16","08:00","-5.4","","-8.2","","81","","9","","18","","64.4","","98.42","","","","-12","","NA"
"2017-01-16 09:00","2017","01","16","09:00","-5.8","","-8.9","","79","","6","","7","","64.4","","98.36","","","","-9","","NA"
"2017-01-16 10:00","2017","01","16","10:00","-4.4","","-7.7","","78","","11","","17","","64.4","","98.31","","","","-10","","Cloudy"
"2017-01-16 11:00","2017","01","16","11:00","-3.1","","-7.8","","70","","12","","13","","64.4","","98.24","","","","-8","","NA"
"2017-01-16 12:00","2017","01","16","12:00","-2.8","","-7.7","","69","","11","","17","","64.4","","98.10","","","","-8","","NA"
"2017-01-16 13:00","2017","01","16","13:00","-2.2","","-7.3","","68","","11","","24","","64.4","","97.96","","","","-9","","Mostly Cloudy"
"2017-01-16 14:00","2017","01","16","14:00","-1.8","","-7.1","","67","","9","","24","","64.4","","97.79","","","","-8","","NA"
"2017-01-16 15:00","2017","01","16","15:00","-1.9","","-6.9","","69","","8","","36","","64.4","","97.69","","","","-10","","NA"
"2017-01-16 16:00","2017","01","16","16:00","-1.2","","-6.4","","68","","8","","30","","64.4","","97.62","","","","-8","","Mostly Cloudy"
"2017-01-16 17:00","2017","01","16","17:00","-1.1","","-6.3","","68","","8","","34","","64.4","","97.51","","","","-8","","NA"
"2017-01-16 18:00","2017","01","16","18:00","-0.8","","-6.2","","67","","9","","29","","64.4","","97.43","","","","-7","","NA"
"2017-01-16 19:00","2017","01","16","19:00","-0.7","","-5.9","","68","","10","","33","","64.4","","97.40","","","","-8","","Cloudy"
"2017-01-16 20:00","2017","01","16","20:00","-0.6","","-5.8","","68","","9","","44","","64.4","","97.40","","","","-9","","NA"
"2017-01-16 21:00","2017","01","16","21:00","-0.8","","-5.4","","71","","8","","36","","64.4","","97.33","","","","-8","","NA"
"2017-01-16 22:00","2017","01","16","22:00","-0.7","","-5.3","","71","","9","","30","","64.4","","97.25","","","","-7","","Cloudy"
"2017-01-16 23:00","2017","01","16","23:00","-0.3","","-5.7","","67","","8","","29","","32.2","","97.18","","","","-7","","NA"
"2017-01-17 00:00","2017","01","17","00:00","0.0","","-5.2","","68","","8","","33","","32.2","","97.16","","","","-7","","NA"
"2017-01-17 01:00","2017","01","17","01:00","0.2","","-5.2","","67","","9","","31","","32.2","","97.09","","","","","","Mostly Cloudy"
"2017-01-17 02:00","2017","01","17","02:00","0.4","","-4.8","","68","","10","","35","","32.2","","97.02","","","","","","NA"
"2017-01-17 03:00","2017","01","17","03:00","0.8","","-4.6","","67","","9","","31","","32.2","","97.00","","","","","","NA"
"2017-01-17 04:00","2017","01","17","04:00","0.6","","-4.6","","68","","10","","39","","32.2","","96.99","","","","","","Mostly Cloudy"
"2017-01-17 05:00","2017","01","17","05:00","0.1","","-4.9","","69","","9","","34","","32.2","","96.86","","","","","","NA"
"2017-01-17 06:00","2017","01","17","06:00","0.4","","-4.6","","69","","8","","28","","32.2","","96.80","","","","","","NA"
"2017-01-17 07:00","2017","01","17","07:00","0.0","","-4.6","","71","","9","","31","","64.4","","96.74","","","","-7","","Mostly Cloudy"
"2017-01-17 08:00","2017","01","17","08:00","0.3","","-4.7","","69","","8","","28","","64.4","","96.74","","","","","","NA"
"2017-01-17 09:00","2017","01","17","09:00","0.7","","-4.7","","67","","8","","29","","64.4","","96.72","","","","","","Blowing Snow"
"2017-01-17 10:00","2017","01","17","10:00","1.2","","-4.5","","66","","9","","32","","64.4","","96.74","","","","","","Blowing Snow"
"2017-01-17 11:00","2017","01","17","11:00","1.4","","-4.1","","67","","10","","36","","64.4","","96.65","","","","","","Blowing Snow"
"2017-01-17 12:00","2017","01","17","12:00","2.3","","-4.0","","63","","8","","33","","64.4","","96.60","","","","","","NA"
"2017-01-17 13:00","2017","01","17","13:00","2.8","","-4.0","","61","","9","","39","","64.4","","96.40","","","","","","Mostly Cloudy"
"2017-01-17 14:00","2017","01","17","14:00","2.9","","-4.1","","60","","8","","38","","64.4","","96.32","","","","","","NA"
"2017-01-17 15:00","2017","01","17","15:00","3.2","","-3.8","","60","","8","","40","","64.4","","96.23","","","","","","NA"
"2017-01-17 16:00","2017","01","17","16:00","3.2","","-3.8","","60","","9","","34","","64.4","","96.13","","","","","","Mostly Cloudy"
"2017-01-17 17:00","2017","01","17","17:00","2.6","","-3.3","","65","","10","","28","","64.4","","96.12","","","","","","NA"
"2017-01-17 18:00","2017","01","17","18:00","2.6","","-3.5","","64","","8","","25","","64.4","","96.05","","","","","","NA"
"2017-01-17 19:00","2017","01","17","19:00","2.4","","-3.5","","65","","8","","27","","64.4","","95.91","","","","","","Cloudy"
"2017-01-17 20:00","2017","01","17","20:00","3.0","","-3.2","","64","","7","","21","","64.4","","95.89","","","","","","NA"
"2017-01-17 21:00","2017","01","17","21:00","2.7","","-3.2","","65","","7","","23","","64.4","","95.89","","","","","","NA"
"2017-01-17 22:00","2017","01","17","22:00","2.6","","-2.9","","67","","8","","28","","64.4","","95.83","","","","","","Cloudy"
"2017-01-17 23:00","2017","01","17","23:00","2.7","","-2.8","","67","","7","","19","","64.4","","95.89","","","","","","NA"
"2017-01-18 00:00","2017","01","18","00:00","2.7","","-2.6","","68","","7","","20","","64.4","","95.92","","","","","","NA"
"2017-01-18 01:00","2017","01","18","01:00","2.5","","-2.4","","70","","8","","21","","64.4","","95.89","","","","","","Cloudy"
"2017-01-18 02:00","2017","01","18","02:00","1.9","","-2.1","","75","","10","","21","","64.4","","95.83","","","","","","NA"
"2017-01-18 03:00","2017","01","18","03:00","1.9","","-2.3","","74","","9","","32","","64.4","","95.80","","","","","","NA"
"2017-01-18 04:00","2017","01","18","04:00","1.6","","-2.2","","76","","12","","18","","64.4","","95.81","","","","","","Mostly Cloudy"
"2017-01-18 05:00","2017","01","18","05:00","1.4","","-2.0","","78","","11","","24","","64.4","","95.82","","","","","","NA"
"2017-01-18 06:00","2017","01","18","06:00","1.9","","-2.1","","75","","11","","22","","64.4","","95.82","","","","","","NA"
"2017-01-18 07:00","2017","01","18","07:00","2.0","","-2.0","","75","","12","","17","","64.4","","95.80","","","","","","Cloudy"
"2017-01-18 08:00","2017","01","18","08:00","1.5","","-2.1","","77","","10","","18","","64.4","","95.73","","","","","","NA"
"2017-01-18 09:00","2017","01","18","09:00","2.0","","-1.8","","76","","9","","18","","80.5","","95.68","","","","","","NA"
"2017-01-18 10:00","2017","01","18","10:00","2.7","","-1.3","","75","","9","","22","","64.4","","95.58","","","","","","Mostly Cloudy"
"2017-01-18 11:00","2017","01","18","11:00","2.7","","-1.1","","76","","8","","22","","64.4","","95.54","","","","","","NA"
"2017-01-18 12:00","2017","01","18","12:00","3.7","","-0.9","","72","","9","","27","","64.4","","95.44","","","","","","NA"
"2017-01-18 13:00","2017","01","18","13:00","3.8","","-0.8","","72","","11","","23","","64.4","","95.35","","","","","","Mostly Cloudy"
"2017-01-18 14:00","2017","01","18","14:00","4.8","","-0.6","","68","","8","","24","","64.4","","95.37","","","","","","NA"
"2017-01-18 15:00","2017","01","18","15:00","4.9","","-0.3","","69","","12","","18","","64.4","","95.31","","","","","","NA"
"2017-01-18 16:00","2017","01","18","16:00","3.9","","-0.5","","73","","10","","22","","64.4","","95.40","","","","","","Mainly Clear"
"2017-01-18 17:00","2017","01","18","17:00","3.9","","-0.3","","74","","12","","15","","64.4","","95.40","","","","","","NA"
"2017-01-18 18:00","2017","01","18","18:00","3.8","","-0.4","","74","","11","","13","","64.4","","95.41","","","","","","NA"
"2017-01-18 19:00","2017","01","18","19:00","2.5","","-0.8","","79","","8","","17","","64.4","","95.41","","","","","","Mostly Cloudy"
"2017-01-18 20:00","2017","01","18","20:00","2.0","","-0.8","","82","","9","","16","","64.4","","95.36","","","","","","NA"
"2017-01-18 21:00","2017","01","18","21:00","2.4","","-0.5","","81","","10","","17","","64.4","","95.34","","","","","","NA"
"2017-01-18 22:00","2017","01","18","22:00","2.6","","-0.5","","80","","9","","21","","64.4","","95.30","","","","","","Cloudy"
"2017-01-18 23:00","2017","01","18","23:00","2.6","","0.3","","85","","10","","15","","48.3","","95.31","","","","","","Rain"
"2017-01-19 00:00","2017","01","19","00:00","2.2","","0.4","","88","","9","","18","","48.3","","95.21","","","","","","NA"
"2017-01-19 01:00","2017","01","19","01:00","2.3","","0.4","","87","","6","","21","","48.3","","95.22","","","","","","Cloudy"
"2017-01-19 02:00","2017","01","19","02:00","2.4","","0.3","","86","","8","","16","","48.3","","95.24","","","","","","NA"
"2017-01-19 03:00","2017","01","19","03:00","2.6","","0.3","","85","","8","","14","","64.4","","95.28","","","","","","NA"
"2017-01-19 04:00","2017","01","19","04:00","2.5","","0.4","","86","","8","","17","","64.4","","95.29","","","","","","Mostly Cloudy"
"2017-01-19 05:00","2017","01","19","05:00","2.8","","0.7","","86","","7","","23","","64.4","","95.32","","","","","","NA"
"2017-01-19 06:00","2017","01","19","06:00","3.6","","0.8","","82","","11","","36","","64.4","","95.35","","","","","","NA"
"2017-01-19 07:00","2017","01","19","07:00","3.2","","0.6","","83","","10","","32","","64.4","","95.42","","","","","","Mostly Cloudy"
"2017-01-19 08:00","2017","01","19","08:00","3.5","","0.2","","79","","10","","25","","64.4","","95.48","","","","","","NA"
"2017-01-19 09:00","2017","01","19","09:00","3.4","","0.1","","79","","5","","25","","64.4","","95.53","","","","","","NA"
"2017-01-19 10:00","2017","01","19","10:00","5.1","","0.1","","70","","14","","7","","64.4","","95.56","","","","","","Mostly Cloudy"
"2017-01-19 11:00","2017","01","19","11:00","6.8","","-0.6","","59","","12","","23","","64.4","","95.54","","","","","","NA"
"2017-01-19 12:00","2017","01","19","12:00","5.8","","0.6","","69","","10","","36","","64.4","","95.51","","","","","","NA"
"2017-01-19 13:00","2017","01","19","13:00","6.3","","0.4","","66","","11","","28","","64.4","","95.52","","","","","","Mostly Cloudy"
"2017-01-19 14:00","2017","01","19","14:00","5.8","","0.6","","69","","11","","31","","64.4","","95.50","","","","","","NA"
"2017-01-19 15:00","2017","01","19","15:00","6.0","","0.8","","69","","11","","23","","64.4","","95.52","","","","","","NA"
"2017-01-19 16:00","2017","01","19","16:00","5.4","","0.8","","72","","9","","26","","64.4","","95.53","","","","","","Mostly Cloudy"
"2017-01-19 17:00","2017","01","19","17:00","4.5","","0.5","","75","","8","","21","","64.4","","95.58","","","","","","NA"
"2017-01-19 18:00","2017","01","19","18:00","4.9","","0.3","","72","","6","","22","","64.4","","95.56","","","","","","NA"
"2017-01-19 19:00","2017","01","19","19:00","4.5","","0.5","","75","","10","","17","","64.4","","95.57","","","","","","Mostly Cloudy"
"2017-01-19 20:00","2017","01","19","20:00","4.0","","0.3","","77","","9","","24","","64.4","","95.59","","","","","","NA"
"2017-01-19 21:00","2017","01","19","21:00","3.6","","0.1","","78","","10","","24","","64.4","","95.58","","","","","","NA"
"2017-01-19 22:00","2017","01","19","22:00","3.3","","0.4","","81","","8","","19","","64.4","","95.61","","","","","","Cloudy"
"2017-01-19 23:00","2017","01","19","23:00","3.3","","0.2","","80","","9","","21","","64.4","","95.61","","","","","","NA"
"2017-01-20 00:00","2017","01","20","00:00","3.1","","0.0","","80","","10","","19","","64.4","","95.58","","","","","","NA"
"2017-01-20 01:00","2017","01","20","01:00","2.8","","0.0","","82","","8","","16","","64.4","","95.58","","","","","","Cloudy"
"2017-01-20 02:00","2017","01","20","02:00","3.0","","0.1","","81","","11","","19","","64.4","","95.57","","","","","","NA"
"2017-01-20 03:00","2017","01","20","03:00","2.5","","0.1","","84","","10","","23","","64.4","","95.56","","","","","","NA"
"2017-01-20 04:00","2017","01","20","04:00","2.8","","0.4","","84","","9","","20","","64.4","","95.53","","","","","","Cloudy"
"2017-01-20 05:00","2017","01","20","05:00","2.5","","0.2","","85","","8","","18","","64.4","","95.52","","","","","","NA"
"2017-01-20 06:00","2017","01","20","06:00","2.3","","0.2","","86","","10","","19","","64.4","","95.49","","","","","","NA"
"2017-01-20 07:00","2017","01","20","07:00","2.0","","-0.1","","86","","7","","16","","64.4","","95.48","","","","","","Mostly Cloudy"
"2017-01-20 08:00","2017","01","20","08:00","1.7","","-0.1","","88","","10","","18","","64.4","","95.48","","","","","","NA"
"2017-01-20 09:00","2017","01","20","09:00","2.6","","0.2","","84","","11","","19","","64.4","","95.44","","","","","","NA"
"2017-01-20 10:00","2017","01","20","10:00","3.6","","0.3","","79","","10","","14","","64.4","","95.43","","","","","","Mainly Clear"
"2017-01-20 11:00","2017","01","20","11:00","5.0","","0.4","","72","","9","","18","","64.4","","95.38","","","","","","NA"
"2017-01-20 12:00","2017","01","20","12:00","4.8","","0.6","","74","","10","","16","","64.4","","95.30","","","","","","NA"
"2017-01-20 13:00","2017","01","20","13:00","4.8","","0.6","","74","","12","","17","","64.4","","95.25","","","","","","Mostly Cloudy"
"2017-01-20 14:00","2017","01","20","14:00","4.7","","0.5","","74","","11","","21","","64.4","","95.20","","","","","","NA"
"2017-01-20 15:00","2017","01","20","15:00","4.9","","0.3","","72","","12","","13","","64.4","","95.18","","","","","","NA"
"2017-01-20 16:00","2017","01","20","16:00","4.1","","0.1","","75","","9","","15","","64.4","","95.17","","","","","","Mostly Cloudy"
"2017-01-20 17:00","2017","01","20","17:00","3.4","","0.1","","79","","8","","14","","64.4","","95.15","","","","","","NA"
"2017-01-20 18:00","2017","01","20","18:00","3.1","","0.0","","80","","9","","14","","64.4","","95.15","","","","","","NA"
"2017-01-20 19:00","2017","01","20","19:00","2.9","","0.0","","81","","7","","13","","64.4","","95.14","","","","","","Cloudy"
"2017-01-20 20:00","2017","01","20","20:00","2.7","","0.1","","83","","7","","12","","64.4","","95.15","","","","","","NA"
"2017-01-20 21:00","2017","01","20","21:00","2.0","","-0.3","","85","","11","","11","","64.4","","95.17","","","","","","NA"
"2017-01-20 22:00","2017","01","20","22:00","2.1","","0.0","","86","","7","","15","","64.4","","95.20","","","","","","Cloudy"
"2017-01-20 23:00","2017","01","20","23:00","2.0","","-0.3","","85","","10","","18","","64.4","","95.21","","","","","","NA"
"2017-01-21 00:00","2017","01","21","00:00","2.1","","0.0","","86","","10","","11","","64.4","","95.24","","","","","","NA"
"2017-01-21 01:00","2017","01","21","01:00","1.9","","0.1","","88","","10","","12","","64.4","","95.27","","","","","","Cloudy"
"2017-01-21 02:00","2017","01","21","02:00","2.0","","0.1","","87","","9","","13","","64.4","","95.31","","","","","","NA"
"2017-01-21 03:00","2017","01","21","03:00","1.7","","-0.1","","88","","8","","13","","64.4","","95.34","","","","","","NA"
"2017-01-21 04:00","2017","01","21","04:00","1.7","","-0.2","","87","","8","","11","","64.4","","95.38","","","","","","Cloudy"
"2017-01-21 05:00","2017","01","21","05:00","1.8","","-0.1","","87","","9","","12","","64.4","","95.38","","","","","","NA"
"2017-01-21 06:00","2017","01","21","06:00","1.5","","-0.4","","87","","7","","12","","64.4","","95.43","","","","","","NA"
"2017-01-21 07:00","2017","01","21","07:00","1.1","","-0.7","","88","","7","","9","","64.4","","95.47","","","","","","Cloudy"
"2017-01-21 08:00","2017","01","21","08:00","1.6","","-0.7","","85","","9","","15","","64.4","","95.55","","","","","","NA"
"2017-01-21 09:00","2017","01","21","09:00","1.6","","-0.5","","86","","9","","14","","16.1","","95.63","","","","","","NA"
"2017-01-21 10:00","2017","01","21","10:00","1.7","","0.2","","90","","12","","12","","16.1","","95.71","","","","","","Rain"
"2017-01-21 11:00","2017","01","21","11:00","1.7","","0.2","","90","","10","","17","","24.1","","95.77","","","","","","Rain"
"2017-01-21 12:00","2017","01","21","12:00","2.0","","0.7","","91","","10","","15","","16.1","","95.80","","","","","","Rain"
"2017-01-21 13:00","2017","01","21","13:00","2.8","","0.9","","87","","10","","16","","40.2","","95.83","","","","","","Mostly Cloudy"
"2017-01-21 14:00","2017","01","21","14:00","2.8","","0.2","","83","","10","","15","","40.2","","95.87","","","","","","NA"
"2017-01-21 15:00","2017","01","21","15:00","3.0","","-0.3","","79","","11","","16","","64.4","","95.94","","","","","","NA"
"2017-01-21 16:00","2017","01","21","16:00","3.0","","-0.6","","77","","11","","12","","64.4","","96.00","","","","","","Mostly Cloudy"
"2017-01-21 17:00","2017","01","21","17:00","2.5","","-0.9","","78","","9","","12","","64.4","","96.06","","","","","","NA"
"2017-01-21 18:00","2017","01","21","18:00","1.7","","-0.6","","85","","9","","11","","64.4","","96.14","","","","","","NA"
"2017-01-21 19:00","2017","01","21","19:00","1.8","","-0.5","","85","","9","","14","","64.4","","96.21","","","","","","Mostly Cloudy"
"2017-01-21 20:00","2017","01","21","20:00","2.0","","-0.9","","81","","9","","16","","32.2","","96.27","","","","","","NA"
"2017-01-21 21:00","2017","01","21","21:00","2.2","","-0.9","","80","","10","","17","","40.2","","96.31","","","","","","NA"
"2017-01-21 22:00","2017","01","21","22:00","1.1","","-1.0","","86","","7","","14","","40.2","","96.37","","","","","","Mainly Clear"
"2017-01-21 23:00","2017","01","21","23:00","0.8","","-1.3","","86","","8","","19","","64.4","","96.43","","","","","","NA"
"2017-01-22 00:00","2017","01","22","00:00","0.9","","-1.3","","85","","8","","19","","64.4","","96.47","","","","","","NA"
"2017-01-22 01:00","2017","01","22","01:00","1.0","","-1.2","","85","","7","","16","","64.4","","96.48","","","","","","Mainly Clear"
"2017-01-22 02:00","2017","01","22","02:00","1.1","","-1.1","","85","","8","","15","","64.4","","96.49","","","","","","NA"
"2017-01-22 03:00","2017","01","22","03:00","0.8","","-1.4","","85","","7","","16","","64.4","","96.51","","","","","","NA"
"2017-01-22 04:00","2017","01","22","04:00","0.4","","-1.7","","86","","9","","15","","64.4","","96.48","","","","","","Mostly Cloudy"
"2017-01-22 05:00","2017","01","22","05:00","-0.2","","-2.0","","88","","8","","14","","64.4","","96.41","","","","-4","","NA"
"2017-01-22 06:00","2017","01","22","06:00","-0.2","","-1.8","","89","","7","","12","","64.4","","96.42","","","","-4","","NA"
"2017-01-22 07:00","2017","01","22","07:00","0.5","","-1.4","","87","","7","","9","","64.4","","96.42","","","","","","Mostly Cloudy"
"2017-01-22 08:00","2017","01","22","08:00","1.2","","-1.0","","85","","9","","12","","64.4","","96.39","","","","","","NA"
"2017-01-22 09:00","2017","01","22","09:00","1.4","","-1.0","","84","","10","","11","","64.4","","96.38","","","","","","NA"
"2017-01-22 10:00","2017","01","22","10:00","3.3","","-1.1","","73","","12","","19","","64.4","","96.34","","","","","","Mostly Cloudy"
"2017-01-22 11:00","2017","01","22","11:00","3.2","","-1.6","","71","","11","","19","","64.4","","96.31","","","","","","NA"
"2017-01-22 12:00","2017","01","22","12:00","4.0","","-1.0","","70","","7","","7","","64.4","","96.24","","","","","","NA"
"2017-01-22 13:00","2017","01","22","13:00","4.4","","-1.0","","68","","11","","14","","64.4","","96.19","","","","","","Mostly Cloudy"
"2017-01-22 14:00","2017","01","22","14:00","5.5","","-0.8","","64","","10","","12","","64.4","","96.14","","","","","","NA"
"2017-01-22 15:00","2017","01","22","15:00","4.3","","-1.3","","67","","9","","13","","64.4","","96.15","","","","","","NA"
"2017-01-22 16:00","2017","01","22","16:00","3.9","","-1.5","","68","","9","","16","","40.2","","96.17","","","","","","Mostly Cloudy"
"2017-01-22 17:00","2017","01","22","17:00","3.3","","-1.1","","73","","10","","14","","32.2","","96.22","","","","","","NA"
"2017-01-22 18:00","2017","01","22","18:00","2.9","","-0.9","","76","","11","","15","","32.2","","96.25","","","","","","Rain Showers"
"2017-01-22 19:00","2017","01","22","19:00","2.4","","-0.2","","83","","12","","7","","32.2","","96.26","","","","","","Rain Showers"
"2017-01-22 20:00","2017","01","22","20:00","3.0","","-0.1","","80","","11","","13","","24.1","","96.29","","","","","","Rain Showers"
"2017-01-22 21:00","2017","01","22","21:00","2.3","","-0.5","","82","","11","","11","","24.1","","96.31","","","","","","Rain Showers"
"2017-01-22 22:00","2017","01","22","22:00","1.4","","-0.5","","87","","32","","6","","32.2","","96.31","","","","","","Rain Showers"
"2017-01-22 23:00","2017","01","22","23:00","1.3","","-0.5","","88","","36","","2","","64.4","","96.35","","","","","","NA"
"2017-01-23 00:00","2017","01","23","00:00","1.0","","-0.6","","89","","36","","3","","64.4","","96.36","","","","","","NA"
"2017-01-23 01:00","2017","01","23","01:00","0.4","","-0.8","","92","","36","","2","","64.4","","96.40","","","","","","Mostly Cloudy"
"2017-01-23 02:00","2017","01","23","02:00","0.5","","-0.5","","93","","9","","7","","64.4","","96.45","","","","","","NA"
"2017-01-23 03:00","2017","01","23","03:00","0.0","","-1.1","","92","","1","","4","","64.4","","96.50","","","","-1","","NA"
"2017-01-23 04:00","2017","01","23","04:00","0.3","","-0.6","","94","","32","","5","","64.4","","96.54","","","","","","Mostly Cloudy"
"2017-01-23 05:00","2017","01","23","05:00","0.3","","-0.6","","94","","36","","3","","64.4","","96.58","","","","","","NA"
"2017-01-23 06:00","2017","01","23","06:00","0.7","","-0.3","","93","","17","","3","","48.3","","96.64","","","","","","NA"
"2017-01-23 07:00","2017","01","23","07:00","0.3","","-0.6","","94","","36","","2","","32.2","","96.70","","","","","","Snow"
"2017-01-23 08:00","2017","01","23","08:00","0.4","","-0.3","","95","","36","","3","","16.1","","96.80","","","","","","Rain,Snow"
"2017-01-23 09:00","2017","01","23","09:00","0.8","","0.1","","95","","0","","1","","19.3","","96.86","","","","","","Rain"
"2017-01-23 10:00","2017","01","23","10:00","1.3","","0.1","","92","","18","","4","","24.1","","96.92","","","","","","Cloudy"
"2017-01-23 11:00","2017","01","23","11:00","1.8","","0.2","","89","","15","","3","","24.1","","96.96","","","","","","NA"
"2017-01-23 12:00","2017","01","23","12:00","2.3","","0.8","","90","","25","","3","","32.2","","96.96","","","","","","NA"
"2017-01-23 13:00","2017","01","23","13:00","2.7","","0.9","","88","","26","","7","","48.3","","96.97","","","","","","Mostly Cloudy"
"2017-01-23 14:00","2017","01","23","14:00","3.0","","1.2","","88","","32","","4","","48.3","","96.99","","","","","","NA"
"2017-01-23 15:00","2017","01","23","15:00","3.5","","0.7","","82","","26","","7","","64.4","","97.02","","","","","","NA"
"2017-01-23 16:00","2017","01","23","16:00","3.3","","-0.2","","78","","27","","9","","64.4","","97.05","","","","","","Mostly Cloudy"
"2017-01-23 17:00","2017","01","23","17:00","3.7","","-0.9","","72","","29","","21","","64.4","","97.09","","","","","","NA"
"2017-01-23 18:00","2017","01","23","18:00","3.6","","-1.0","","72","","29","","19","","64.4","","97.14","","","","","","NA"
"2017-01-23 19:00","2017","01","23","19:00","3.3","","-1.1","","73","","29","","16","","64.4","","97.19","","","","","","Mostly Cloudy"
"2017-01-23 20:00","2017","01","23","20:00","3.0","","-1.0","","75","","28","","18","","64.4","","97.21","","","","","","NA"
"2017-01-23 21:00","2017","01","23","21:00","2.4","","-1.0","","78","","26","","16","","64.4","","97.25","","","","","","NA"
"2017-01-23 22:00","2017","01","23","22:00","0.2","","-1.7","","87","","8","","8","","64.4","","97.30","","","","","","Mostly Cloudy"
"2017-01-23 23:00","2017","01","23","23:00","2.5","","-0.8","","79","","28","","12","","64.4","","97.36","","","","","","NA"
"2017-01-24 00:00","2017","01","24","00:00","1.1","","-1.1","","85","","10","","3","","64.4","","97.39","","","","","","NA"
"2017-01-24 01:00","2017","01","24","01:00","0.6","","-1.3","","87","","6","","3","","64.4","","97.42","","","","","","Cloudy"
"2017-01-24 02:00","2017","01","24","02:00","0.3","","-1.5","","88","","10","","10","","64.4","","97.44","","","","","","NA"
"2017-01-24 03:00","2017","01","24","03:00","0.0","","-1.8","","88","","8","","8","","64.4","","97.47","","","","-3","","NA"
"2017-01-24 04:00","2017","01","24","04:00","-0.1","","-1.7","","89","","7","","3","","64.4","","97.52","","","","-1","","Cloudy"
"2017-01-24 05:00","2017","01","24","05:00","-0.1","","-1.5","","90","","11","","6","","64.4","","97.55","","","","-2","","NA"
"2017-01-24 06:00","2017","01","24","06:00","0.0","","-1.4","","90","","9","","7","","64.4","","97.58","","","","-2","","NA"
"2017-01-24 07:00","2017","01","24","07:00","-0.6","","-1.9","","91","","8","","5","","64.4","","97.62","","","","-2","","Cloudy"
"2017-01-24 08:00","2017","01","24","08:00","-0.3","","-1.7","","90","","4","","3","","64.4","","97.65","","","","-1","","NA"
"2017-01-24 09:00","2017","01","24","09:00","0.3","","-1.2","","90","","36","","2","","64.4","","97.67","","","","","","NA"
"2017-01-24 10:00","2017","01","24","10:00","0.9","","-1.2","","86","","12","","3","","64.4","","97.72","","","","","","Mostly Cloudy"
"2017-01-24 11:00","2017","01","24","11:00","2.6","","-0.9","","78","","31","","4","","64.4","","97.74","","","","","","NA"
"2017-01-24 12:00","2017","01","24","12:00","3.4","","-1.4","","71","","28","","18","","64.4","","97.71","","","","","","NA"
"2017-01-24 13:00","2017","01","24","13:00","3.9","","-1.5","","68","","25","","6","","64.4","","97.69","","","","","","Mostly Cloudy"
"2017-01-24 14:00","2017","01","24","14:00","4.1","","-1.1","","69","","2","","3","","64.4","","97.69","","","","","","NA"
"2017-01-24 15:00","2017","01","24","15:00","4.2","","-0.8","","70","","10","","6","","64.4","","97.72","","","","","","NA"
"2017-01-24 16:00","2017","01","24","16:00","3.9","","-1.3","","69","","13","","4","","64.4","","97.76","","","","","","Mostly Cloudy"
"2017-01-24 17:00","2017","01","24","17:00","2.0","","-1.4","","78","","36","","2","","64.4","","97.78","","","","","","NA"
"2017-01-24 18:00","2017","01","24","18:00","1.0","","-1.9","","81","","26","","7","","64.4","","97.83","","","","","","NA"
"2017-01-24 19:00","2017","01","24","19:00","0.9","","-2.0","","81","","27","","4","","64.4","","97.86","","","","","","Mostly Cloudy"
"2017-01-24 20:00","2017","01","24","20:00","-0.8","","-2.7","","87","","26","","7","","64.4","","97.91","","","","-3","","NA"
"2017-01-24 21:00","2017","01","24","21:00","-0.9","","-2.6","","88","","26","","9","","64.4","","97.93","","","","-4","","NA"
"2017-01-24 22:00","2017","01","24","22:00","-1.4","","-3.0","","89","","32","","4","","64.4","","97.96","","","","-3","","Mostly Cloudy"
"2017-01-24 23:00","2017","01","24","23:00","-0.8","","-2.7","","87","","31","","3","","64.4","","97.98","","","","-2","","NA"
"2017-01-25 00:00","2017","01","25","00:00","-1.1","","-2.5","","90","","36","","2","","64.4","","97.98","","","","-2","","NA"
"2017-01-25 01:00","2017","01","25","01:00","-1.4","","-3.1","","88","","36","","2","","64.4","","97.99","","","","-2","","Cloudy"
"2017-01-25 02:00","2017","01","25","02:00","-1.1","","-2.5","","90","","11","","5","","64.4","","98.01","","","","-3","","NA"
"2017-01-25 03:00","2017","01","25","03:00","-1.2","","-2.5","","91","","10","","7","","64.4","","98.05","","","","-4","","NA"
"2017-01-25 04:00","2017","01","25","04:00","-1.0","","-2.6","","89","","36","","2","","64.4","","98.08","","","","-2","","Cloudy"
"2017-01-25 05:00","2017","01","25","05:00","-1.3","","-2.9","","89","","9","","5","","64.4","","98.08","","","","-3","","NA"
"2017-01-25 06:00","2017","01","25","06:00","-1.3","","-2.7","","90","","","","0","","64.4","","98.09","","","","","","NA"
"2017-01-25 07:00","2017","01","25","07:00","-1.1","","-2.5","","90","","36","","1","","64.4","","98.12","","","","-1","","Cloudy"
"2017-01-25 08:00","2017","01","25","08:00","-0.9","","-2.5","","89","","36","","2","","64.4","","98.14","","","","-2","","NA"
"2017-01-25 09:00","2017","01","25","09:00","-0.6","","-2.2","","89","","11","","4","","64.4","","98.16","","","","-2","","NA"
"2017-01-25 10:00","2017","01","25","10:00","0.1","","-2.5","","83","","12","","3","","32.2","","98.21","","","","","","Cloudy"
"2017-01-25 11:00","2017","01","25","11:00","0.5","","-2.4","","81","","36","","2","","48.3","","98.25","","","","","","NA"
"2017-01-25 12:00","2017","01","25","12:00","1.1","","-2.1","","79","","36","","2","","48.3","","98.23","","","","","","NA"
"2017-01-25 13:00","2017","01","25","13:00","1.3","","-2.1","","78","","27","","6","","32.2","","98.22","","","","","","Cloudy"
"2017-01-25 14:00","2017","01","25","14:00","1.4","","-2.4","","76","","27","","4","","64.4","","98.23","","","","","","NA"
"2017-01-25 15:00","2017","01","25","15:00","1.2","","-2.2","","78","","24","","3","","64.4","","98.25","","","","","","NA"
"2017-01-25 16:00","2017","01","25","16:00","1.0","","-1.9","","81","","23","","3","","64.4","","98.28","","","","","","Cloudy"
"2017-01-25 17:00","2017","01","25","17:00","0.2","","-2.2","","84","","31","","5","","64.4","","98.31","","","","","","NA"
"2017-01-25 18:00","2017","01","25","18:00","0.4","","-2.0","","84","","23","","7","","32.2","","98.35","","","","","","NA"
"2017-01-25 19:00","2017","01","25","19:00","-0.1","","-2.0","","87","","31","","5","","32.2","","98.39","","","","-2","","Cloudy"
"2017-01-25 20:00","2017","01","25","20:00","0.0","","-1.8","","88","","23","","4","","32.2","","98.39","","","","-1","","NA"
"2017-01-25 21:00","2017","01","25","21:00","-0.4","","-2.0","","89","","36","","1","","32.2","","98.40","","","","-1","","NA"
"2017-01-25 22:00","2017","01","25","22:00","0.2","","-1.9","","86","","36","","1","","32.2","","98.45","","","","","","Cloudy"
"2017-01-25 23:00","2017","01","25","23:00","-0.5","","-1.8","","91","","36","","1","","48.3","","98.51","","","","-1","","NA"
"2017-01-26 00:00","2017","01","26","00:00","-0.1","","-1.4","","91","","17","","3","","48.3","","98.53","","","","-1","","NA"
"2017-01-26 01:00","2017","01","26","01:00","-0.7","","-2.0","","91","","36","","1","","48.3","","98.57","","","","-1","","Cloudy"
"2017-01-26 02:00","2017","01","26","02:00","-0.3","","-1.6","","91","","36","","2","","32.2","","98.62","","","","-1","","NA"
"2017-01-26 03:00","2017","01","26","03:00","-0.7","","-1.8","","92","","36","","1","","32.2","","98.67","","","","-1","","NA"
"2017-01-26 04:00","2017","01","26","04:00","-0.2","","-1.5","","91","","36","","3","","32.2","","98.73","","","","-1","","Cloudy"
"2017-01-26 05:00","2017","01","26","05:00","-0.4","","-1.7","","91","","0","","1","","32.2","","98.77","","","","-1","","NA"
"2017-01-26 06:00","2017","01","26","06:00","-0.9","","-1.9","","93","","10","","5","","32.2","","98.76","","","","-3","","NA"
"2017-01-26 07:00","2017","01","26","07:00","-2.3","","-3.4","","92","","26","","6","","32.2","","98.80","","","","-5","","Mostly Cloudy"
"2017-01-26 08:00","2017","01","26","08:00","-0.9","","-1.8","","94","","30","","3","","24.1","","98.85","","","","-2","","NA"
"2017-01-26 09:00","2017","01","26","09:00","-0.3","","-1.6","","91","","36","","1","","24.1","","98.98","","","","-1","","NA"
"2017-01-26 10:00","2017","01","26","10:00","0.3","","-1.5","","88","","36","","1","","40.2","","99.05","","","","","","Mostly Cloudy"
"2017-01-26 11:00","2017","01","26","11:00","1.6","","-1.1","","82","","7","","3","","16.1","","99.05","","","","","","NA"
"2017-01-26 12:00","2017","01","26","12:00","2.3","","-1.1","","78","","23","","5","","16.1","","99.07","","","","","","NA"
"2017-01-26 13:00","2017","01","26","13:00","3.0","","-1.4","","73","","21","","7","","16.1","","99.05","","","","","","Mainly Clear"
"2017-01-26 14:00","2017","01","26","14:00","2.4","","-1.6","","75","","25","","5","","16.1","","99.02","","","","","","NA"
"2017-01-26 15:00","2017","01","26","15:00","2.5","","-1.5","","75","","33","","4","","24.1","","99.01","","","","","","NA"
"2017-01-26 16:00","2017","01","26","16:00","2.7","","-1.1","","76","","4","","4","","24.1","","99.04","","","","","","Mostly Cloudy"
"2017-01-26 17:00","2017","01","26","17:00","2.5","","-0.9","","78","","11","","9","","24.1","","99.07","","","","","","NA"
"2017-01-26 18:00","2017","01","26","18:00","1.3","","-1.6","","81","","36","","6","","24.1","","99.12","","","","","","NA"
"2017-01-26 19:00","2017","01","26","19:00","1.6","","-1.5","","80","","9","","4","","24.1","","99.14","","","","","","Mostly Cloudy"
"2017-01-26 20:00","2017","01","26","20:00","1.8","","-1.5","","79","","3","","5","","24.1","","99.16","","","","","","NA"
"2017-01-26 21:00","2017","01","26","21:00","1.7","","-1.4","","80","","36","","2","","24.1","","99.21","","","","","","NA"
"2017-01-26 22:00","2017","01","26","22:00","1.6","","-1.1","","82","","8","","8","","24.1","","99.26","","","","","","Cloudy"
"2017-01-26 23:00","2017","01","26","23:00","1.8","","-1.1","","81","","6","","11","","64.4","","99.28","","","","","","NA"
"2017-01-27 00:00","2017","01","27","00:00","1.8","","-1.1","","81","","11","","6","","48.3","","99.30","","","","","","NA"
"2017-01-27 01:00","2017","01","27","01:00","1.3","","-1.3","","83","","7","","12","","48.3","","99.29","","","","","","Mostly Cloudy"
"2017-01-27 02:00","2017","01","27","02:00","1.2","","-1.2","","84","","7","","9","","48.3","","99.30","","","","","","NA"
"2017-01-27 03:00","2017","01","27","03:00","1.8","","-0.9","","82","","9","","17","","48.3","","99.31","","","","","","NA"
"2017-01-27 04:00","2017","01","27","04:00","0.9","","-2.7","","77","","30","","3","","48.3","","99.33","","","","","","Mostly Cloudy"
"2017-01-27 05:00","2017","01","27","05:00","0.7","","-4.0","","71","","24","","6","","48.3","","99.35","","","","","","NA"
"2017-01-27 06:00","2017","01","27","06:00","0.9","","-1.5","","84","","6","","16","","48.3","","99.33","","","","","","NA"
"2017-01-27 07:00","2017","01","27","07:00","0.6","","-3.0","","77","","9","","3","","64.4","","99.34","","","","","","Mainly Clear"
"2017-01-27 08:00","2017","01","27","08:00","0.5","","-4.2","","71","","16","","5","","64.4","","99.40","","","","","","NA"
"2017-01-27 09:00","2017","01","27","09:00","1.1","","-3.4","","72","","5","","8","","64.4","","99.48","","","","","","NA"
"2017-01-27 10:00","2017","01","27","10:00","2.4","","-3.9","","63","","12","","14","","64.4","","99.53","","","","","","Cloudy"
"2017-01-27 11:00","2017","01","27","11:00","2.9","","-2.0","","70","","11","","18","","64.4","","99.53","","","","","","NA"
"2017-01-27 12:00","2017","01","27","12:00","3.4","","-2.4","","66","","10","","23","","64.4","","99.54","","","","","","NA"
"2017-01-27 13:00","2017","01","27","13:00","3.8","","-2.2","","65","","10","","18","","64.4","","99.52","","","","","","Cloudy"
"2017-01-27 14:00","2017","01","27","14:00","3.9","","-2.7","","62","","10","","18","","64.4","","99.46","","","","","","NA"
"2017-01-27 15:00","2017","01","27","15:00","3.6","","-2.8","","63","","10","","16","","64.4","","99.41","","","","","","NA"
"2017-01-27 16:00","2017","01","27","16:00","3.3","","-2.9","","64","","10","","17","","64.4","","99.41","","","","","","Mostly Cloudy"
"2017-01-27 17:00","2017","01","27","17:00","3.0","","-2.9","","65","","11","","17","","64.4","","99.41","","","","","","NA"
"2017-01-27 18:00","2017","01","27","18:00","2.9","","-3.3","","64","","9","","22","","32.2","","99.41","","","","","","NA"
"2017-01-27 19:00","2017","01","27","19:00","3.0","","-3.4","","63","","9","","21","","32.2","","99.44","","","","","","Mostly Cloudy"
"2017-01-27 20:00","2017","01","27","20:00","2.9","","-3.5","","63","","9","","25","","32.2","","99.40","","","","","","NA"
"2017-01-27 21:00","2017","01","27","21:00","2.5","","-3.2","","66","","9","","17","","32.2","","99.41","","","","","","NA"
"2017-01-27 22:00","2017","01","27","22:00","2.6","","-3.1","","66","","11","","23","","32.2","","99.46","","","","","","Cloudy"
"2017-01-27 23:00","2017","01","27","23:00","2.4","","-3.1","","67","","10","","18","","32.2","","99.49","","","","","","NA"
"2017-01-28 00:00","2017","01","28","00:00","2.8","","-3.6","","63","","8","","28","","64.4","","99.48","","","","","","NA"
"2017-01-28 01:00","2017","01","28","01:00","2.4","","-3.1","","67","","9","","23","","32.2","","99.44","","","","","","Cloudy"
"2017-01-28 02:00","2017","01","28","02:00","2.3","","-3.2","","67","","10","","26","","32.2","","99.48","","","","","","NA"
"2017-01-28 03:00","2017","01","28","03:00","2.2","","-3.3","","67","","10","","16","","32.2","","99.49","","","","","","NA"
"2017-01-28 04:00","2017","01","28","04:00","2.0","","-3.1","","69","","10","","14","","32.2","","99.52","","","","","","Cloudy"
"2017-01-28 05:00","2017","01","28","05:00","1.8","","-3.1","","70","","11","","17","","32.2","","99.50","","","","","","NA"
"2017-01-28 06:00","2017","01","28","06:00","1.9","","-3.0","","70","","12","","14","","32.2","","99.50","","","","","","NA"
"2017-01-28 07:00","2017","01","28","07:00","1.5","","-3.2","","71","","10","","20","","64.4","","99.41","","","","","","Cloudy"
"2017-01-28 08:00","2017","01","28","08:00","1.6","","-3.1","","71","","10","","19","","64.4","","99.38","","","","","","NA"
"2017-01-28 09:00","2017","01","28","09:00","2.2","","-3.7","","65","","9","","32","","64.4","","99.41","","","","","","NA"
"2017-01-28 10:00","2017","01","28","10:00","2.4","","-3.7","","64","","8","","34","","64.4","","99.33","","","","","","Mostly Cloudy"
"2017-01-28 11:00","2017","01","28","11:00","3.8","","-3.3","","60","","9","","30","","64.4","","99.36","","","","","","NA"
"2017-01-28 12:00","2017","01","28","12:00","3.5","","-3.1","","62","","9","","28","","64.4","","99.26","","","","","","NA"
"2017-01-28 13:00","2017","01","28","13:00","3.7","","-3.4","","60","","9","","35","","64.4","","99.22","","","","","","Mostly Cloudy"
"2017-01-28 14:00","2017","01","28","14:00","4.8","","-3.2","","56","","9","","35","","64.4","","99.12","","","","","","NA"
"2017-01-28 15:00","2017","01","28","15:00","4.3","","-3.5","","57","","9","","27","","64.4","","99.09","","","","","","NA"
"2017-01-28 16:00","2017","01","28","16:00","3.2","","-3.8","","60","","9","","29","","64.4","","99.02","","","","","","Mostly Cloudy"
"2017-01-28 17:00","2017","01","28","17:00","2.6","","-4.2","","61","","8","","34","","64.4","","99.01","","","","","","NA"
"2017-01-28 18:00","2017","01","28","18:00","2.3","","-4.0","","63","","9","","35","","64.4","","98.95","","","","","","NA"
"2017-01-28 19:00","2017","01","28","19:00","2.1","","-4.0","","64","","9","","35","","64.4","","98.95","","","","","","Mostly Cloudy"
"2017-01-28 20:00","2017","01","28","20:00","1.5","","-3.8","","68","","9","","27","","64.4","","98.92","","","","","","NA"
"2017-01-28 21:00","2017","01","28","21:00","1.9","","-4.0","","65","","10","","36","","64.4","","98.93","","","","","","NA"
"2017-01-28 22:00","2017","01","28","22:00","1.3","","-4.4","","66","","9","","26","","64.4","","98.88","","","","","","Mainly Clear"
"2017-01-28 23:00","2017","01","28","23:00","1.5","","-4.6","","64","","9","","25","","64.4","","98.90","","","","","","NA"
"2017-01-29 00:00","2017","01","29","00:00","1.6","","-4.5","","64","","9","","34","","64.4","","98.86","","","","","","NA"
"2017-01-29 01:00","2017","01","29","01:00","1.5","","-4.4","","65","","9","","28","","64.4","","98.80","","","","","","Mainly Clear"
"2017-01-29 02:00","2017","01","29","02:00","1.3","","-4.0","","68","","9","","27","","64.4","","98.77","","","","","","NA"
"2017-01-29 03:00","2017","01","29","03:00","1.1","","-4.4","","67","","8","","26","","64.4","","98.72","","","","","","NA"
"2017-01-29 04:00","2017","01","29","04:00","1.1","","-4.4","","67","","9","","30","","64.4","","98.61","","","","","","Mostly Cloudy"
"2017-01-29 05:00","2017","01","29","05:00","0.8","","-4.1","","70","","10","","24","","64.4","","98.56","","","","","","NA"
"2017-01-29 06:00","2017","01","29","06:00","0.2","","-4.8","","69","","8","","29","","64.4","","98.49","","","","","","NA"
"2017-01-29 07:00","2017","01","29","07:00","0.5","","-4.9","","67","","9","","29","","64.4","","98.43","","","","","","Mainly Clear"
"2017-01-29 08:00","2017","01","29","08:00","0.1","","-4.5","","71","","7","","23","","64.4","","98.41","","","","","","NA"
"2017-01-29 09:00","2017","01","29","09:00","1.3","","-4.6","","65","","9","","41","","64.4","","98.24","","","","","","NA"
"2017-01-29 10:00","2017","01","29","10:00","2.4","","-4.8","","59","","8","","34","","64.4","","98.16","","","","","","Mainly Clear"
"2017-01-29 11:00","2017","01","29","11:00","4.5","","-4.0","","54","","9","","37","","64.4","","98.07","","","","","","NA"
"2017-01-29 12:00","2017","01","29","12:00","5.1","","-4.8","","49","","8","","22","","64.4","","97.97","","","","","","NA"
"2017-01-29 13:00","2017","01","29","13:00","6.0","","-4.5","","47","","8","","23","","64.4","","97.91","","","","","","Mainly Clear"
"2017-01-29 14:00","2017","01","29","14:00","6.3","","-3.6","","49","","9","","23","","64.4","","97.80","","","","","","NA"
"2017-01-29 15:00","2017","01","29","15:00","8.1","","-3.1","","45","","25","","14","","64.4","","97.74","","","","","","NA"
"2017-01-29 16:00","2017","01","29","16:00","8.3","","-3.2","","44","","12","","7","","64.4","","97.73","","","","","","Mainly Clear"
"2017-01-29 17:00","2017","01","29","17:00","7.3","","-2.7","","49","","13","","18","","64.4","","97.78","","","","","","NA"
"2017-01-29 18:00","2017","01","29","18:00","5.7","","-2.9","","54","","7","","12","","64.4","","97.84","","","","","","NA"
"2017-01-29 19:00","2017","01","29","19:00","7.0","","-2.7","","50","","19","","13","","64.4","","97.87","","","","","","Mainly Clear"
"2017-01-29 20:00","2017","01","29","20:00","4.0","","-3.3","","59","","11","","20","","64.4","","97.94","","","","","","NA"
"2017-01-29 21:00","2017","01","29","21:00","1.5","","-3.8","","68","","9","","21","","64.4","","98.06","","","","","","NA"
"2017-01-29 22:00","2017","01","29","22:00","0.2","","-4.1","","73","","9","","10","","64.4","","98.25","","","","","","Mostly Cloudy"
"2017-01-29 23:00","2017","01","29","23:00","0.1","","-4.2","","73","","10","","17","","64.4","","98.33","","","","","","NA"
"2017-01-30 00:00","2017","01","30","00:00","-0.5","","-4.6","","74","","8","","8","","64.4","","98.35","","","","-3","","NA"
"2017-01-30 01:00","2017","01","30","01:00","-0.9","","-4.6","","76","","13","","4","","64.4","","98.36","","","","-2","","Mostly Cloudy"
"2017-01-30 02:00","2017","01","30","02:00","-2.2","","-4.2","","86","","36","","1","","64.4","","98.37","","","","-3","","NA"
"2017-01-30 03:00","2017","01","30","03:00","-3.8","","-6.3","","83","","36","","2","","64.4","","98.40","","","","-5","","NA"
"2017-01-30 04:00","2017","01","30","04:00","-3.0","","-6.3","","78","","34","","8","","64.4","","98.47","","","","-6","","Mostly Cloudy"
"2017-01-30 05:00","2017","01","30","05:00","-2.7","","-4.4","","88","","14","","5","","64.4","","98.57","","","","-5","","NA"
"2017-01-30 06:00","2017","01","30","06:00","-2.4","","-4.3","","87","","10","","4","","64.4","","98.64","","","","-4","","NA"
"2017-01-30 07:00","2017","01","30","07:00","-2.3","","-4.3","","86","","28","","5","","64.4","","98.72","","","","-4","","Mostly Cloudy"
"2017-01-30 08:00","2017","01","30","08:00","-2.1","","-4.3","","85","","4","","9","","64.4","","98.75","","","","-6","","NA"
"2017-01-30 09:00","2017","01","30","09:00","2.5","","-9.8","","40","","28","","18","","64.4","","98.82","","","","","","NA"
"2017-01-30 10:00","2017","01","30","10:00","2.6","","-11.0","","36","","26","","16","","64.4","","98.88","","","","","","Mainly Clear"
"2017-01-30 11:00","2017","01","30","11:00","3.1","","-11.0","","35","","28","","22","","64.4","","98.86","","","","","","NA"
"2017-01-30 12:00","2017","01","30","12:00","3.4","","-11.8","","32","","28","","15","","64.4","","98.79","","","","","","NA"
"2017-01-30 13:00","2017","01","30","13:00","4.2","","-11.9","","30","","28","","18","","64.4","","98.76","","","","","","Mostly Cloudy"
"2017-01-30 14:00","2017","01","30","14:00","3.4","","-12.2","","31","","26","","18","","64.4","","98.71","","","","","","NA"
"2017-01-30 15:00","2017","01","30","15:00","3.1","","-11.3","","34","","25","","12","","64.4","","98.68","","","","","","NA"
"2017-01-30 16:00","2017","01","30","16:00","2.2","","-10.7","","38","","33","","4","","64.4","","98.64","","","","","","Mostly Cloudy"
"2017-01-30 17:00","2017","01","30","17:00","1.6","","-9.1","","45","","19","","8","","64.4","","98.60","","","","","","NA"
"2017-01-30 18:00","2017","01","30","18:00","0.6","","-10.3","","44","","36","","3","","64.4","","98.57","","","","","","NA"
"2017-01-30 19:00","2017","01","30","19:00","-1.6","","-10.2","","52","","31","","4","","64.4","","98.56","","","","-3","","Mostly Cloudy"
"2017-01-30 20:00","2017","01","30","20:00","-2.8","","-10.0","","58","","17","","5","","64.4","","98.56","","","","-5","","NA"
"2017-01-30 21:00","2017","01","30","21:00","-1.7","","-12.4","","44","","21","","11","","64.4","","98.58","","","","-6","","NA"
"2017-01-30 22:00","2017","01","30","22:00","-3.0","","-12.6","","48","","27","","4","","64.4","","98.59","","","","-5","","Mainly Clear"
"2017-01-30 23:00","2017","01","30","23:00","-3.3","","-13.4","","46","","22","","10","","64.4","","98.60","","","","-7","","NA"
"2017-01-31 00:00","2017","01","31","00:00","-5.1","","-12.4","","57","","24","","13","","64.4","","98.61","","","","-10","","NA"
"2017-01-31 01:00","2017","01","31","01:00","-5.5","","-13.2","","55","","23","","12","","64.4","","98.63","","","","-10","","Mainly Clear"
"2017-01-31 02:00","2017","01","31","02:00","-6.1","","-13.1","","58","","30","","3","","64.4","","98.62","","","","-8","","NA"
"2017-01-31 03:00","2017","01","31","03:00","-7.0","","-12.9","","63","","26","","8","","64.4","","98.69","","","","-11","","NA"
"2017-01-31 04:00","2017","01","31","04:00","-6.9","","-13.6","","59","","24","","14","","64.4","","98.70","","","","-13","","Clear"
"2017-01-31 05:00","2017","01","31","05:00","-8.1","","-13.0","","68","","6","","4","","64.4","","98.72","","","","-10","","NA"
"2017-01-31 06:00","2017","01","31","06:00","-7.2","","-13.3","","62","","25","","3","","64.4","","98.71","","","","-9","","NA"
"2017-01-31 07:00","2017","01","31","07:00","-9.6","","-13.8","","72","","24","","8","","64.4","","98.76","","","","-14","","Clear"
"2017-01-31 08:00","2017","01","31","08:00","-8.9","","-12.4","","76","","11","","9","","64.4","","98.86","","","","-14","","NA"
"2017-01-31 09:00","2017","01","31","09:00","-8.2","","-12.6","","71","","8","","5","","64.4","","98.90","","","","-11","","NA"
"2017-01-31 10:00","2017","01","31","10:00","-6.2","","-12.4","","62","","11","","8","","64.4","","98.91","","","","-10","","Clear"
"2017-01-31 11:00","2017","01","31","11:00","-4.0","","-11.3","","57","","15","","7","","64.4","","98.90","","","","-7","","NA"
"2017-01-31 12:00","2017","01","31","12:00","-1.8","","-10.4","","52","","27","","31","","64.4","","98.82","","","","-9","","NA"
"2017-01-31 13:00","2017","01","31","13:00","-1.5","","-10.6","","50","","27","","30","","64.4","","98.80","","","","-8","","Clear"
"2017-01-31 14:00","2017","01","31","14:00","-1.0","","-11.5","","45","","26","","32","","64.4","","98.78","","","","-8","","NA"
"2017-01-31 15:00","2017","01","31","15:00","-0.7","","-11.8","","43","","28","","32","","64.4","","98.81","","","","-8","","NA"
"2017-01-31 16:00","2017","01","31","16:00","-1.2","","-11.4","","46","","26","","21","","64.4","","98.83","","","","-7","","Clear"
"2017-01-31 17:00","2017","01","31","17:00","-3.9","","-12.4","","52","","28","","14","","64.4","","98.85","","","","-9","","NA"
"2017-01-31 18:00","2017","01","31","18:00","-4.9","","-12.4","","56","","26","","13","","64.4","","98.90","","","","-10","","NA"
"2017-01-31 19:00","2017","01","31","19:00","-3.3","","-12.8","","48","","24","","3","","64.4","","98.97","","","","-5","","Clear"
"2017-01-31 20:00","2017","01","31","20:00","-5.4","","-13.1","","55","","9","","7","","64.4","","99.03","","","","-9","","NA"
"2017-01-31 21:00","2017","01","31","21:00","-6.7","","-13.0","","61","","9","","6","","64.4","","99.05","","","","-10","","NA"
"2017-01-31 22:00","2017","01","31","22:00","-7.3","","-13.4","","62","","7","","7","","64.4","","99.10","","","","-11","","Clear"
"2017-01-31 23:00","2017","01","31","23:00","-8.6","","-13.0","","71","","9","","8","","64.4","","99.14","","","","-13","","NA"
